model,dataset,fit_time-1:10,fit_time-2:10,fit_time-3:10,fit_time-4:10,fit_time-5:10,fit_time-6:10,fit_time-7:10,fit_time-8:10,fit_time-9:10,fit_time-10:10,score_time-1:10,score_time-2:10,score_time-3:10,score_time-4:10,score_time-5:10,score_time-6:10,score_time-7:10,score_time-8:10,score_time-9:10,score_time-10:10,test_accuracy-1:10,test_accuracy-2:10,test_accuracy-3:10,test_accuracy-4:10,test_accuracy-5:10,test_accuracy-6:10,test_accuracy-7:10,test_accuracy-8:10,test_accuracy-9:10,test_accuracy-10:10,train_accuracy-1:10,train_accuracy-2:10,train_accuracy-3:10,train_accuracy-4:10,train_accuracy-5:10,train_accuracy-6:10,train_accuracy-7:10,train_accuracy-8:10,train_accuracy-9:10,train_accuracy-10:10,test_hamming_loss-1:10,test_hamming_loss-2:10,test_hamming_loss-3:10,test_hamming_loss-4:10,test_hamming_loss-5:10,test_hamming_loss-6:10,test_hamming_loss-7:10,test_hamming_loss-8:10,test_hamming_loss-9:10,test_hamming_loss-10:10,train_hamming_loss-1:10,train_hamming_loss-2:10,train_hamming_loss-3:10,train_hamming_loss-4:10,train_hamming_loss-5:10,train_hamming_loss-6:10,train_hamming_loss-7:10,train_hamming_loss-8:10,train_hamming_loss-9:10,train_hamming_loss-10:10,test_f1-1:10,test_f1-2:10,test_f1-3:10,test_f1-4:10,test_f1-5:10,test_f1-6:10,test_f1-7:10,test_f1-8:10,test_f1-9:10,test_f1-10:10,train_f1-1:10,train_f1-2:10,train_f1-3:10,train_f1-4:10,train_f1-5:10,train_f1-6:10,train_f1-7:10,train_f1-8:10,train_f1-9:10,train_f1-10:10
baseline_binary_relevance_model_svc_123,scene,4.797579526901245,5.07881760597229,4.96228289604187,4.632052183151245,4.697419166564941,4.680716753005981,4.981480360031128,4.9132468700408936,4.704905986785889,5.032192230224609,0.3860373497009277,0.4116644859313965,0.3858792781829834,0.3610317707061767,0.3838393688201904,0.3750593662261963,0.3915309906005859,0.460094690322876,0.3679466247558594,0.3820047378540039,0.4149377593360996,0.7759336099585062,0.6970954356846473,0.2614107883817427,0.2448132780082987,0.4647302904564315,0.7302904564315352,0.725,0.3333333333333333,0.2625,0.7419205909510619,0.7146814404432132,0.7322253000923361,0.7192982456140351,0.7289935364727609,0.7331486611265005,0.7234533702677747,0.7272727272727273,0.7221965851407476,0.7318874019381634,-0.1313969571230982,-0.0463347164591977,-0.0656984785615491,-0.1659751037344398,-0.1666666666666666,-0.1161825726141078,-0.0560165975103734,-0.0555555555555555,-0.1423611111111111,-0.1611111111111111,-0.051708217913204,-0.0571714373653431,-0.054170514004309,-0.0550169282856263,-0.0524776854416743,-0.0528624192059095,-0.0557863958140966,-0.0551453622519612,-0.0552991847408091,-0.0529149361636671,0.3143940311679971,0.4585946573751451,0.3040125747268604,0.1829497577778693,0.1807955182072829,0.3961175149783962,0.36432350718065,0.3521298213327199,0.1907446487790171,0.2720530248313851,0.8337819488570939,0.8373962968506832,0.8430105832405251,0.7897805662210153,0.7984345249087467,0.8259386686864998,0.8437083684079086,0.8392879362109448,0.8013341093648046,0.8094835679759639
baseline_binary_relevance_model_svc_123,birds,0.4665200710296631,0.46612548828125,0.4613771438598633,0.4441146850585937,0.4666886329650879,0.4849143028259277,0.4743432998657226,0.4648518562316894,0.4519572257995605,0.4650664329528808,0.0417807102203369,0.0410282611846923,0.0410308837890625,0.0409955978393554,0.04205322265625,0.1161050796508789,0.0415148735046386,0.0391788482666015,0.039090871810913,0.0471515655517578,0.4615384615384615,0.3692307692307692,0.4923076923076923,0.3692307692307692,0.5230769230769231,0.59375,0.46875,0.46875,0.5,0.390625,0.4689655172413793,0.4793103448275862,0.4637931034482758,0.4793103448275862,0.4620689655172413,0.4561101549053356,0.4681583476764199,0.4681583476764199,0.4629948364888124,0.4750430292598967,-0.0453441295546558,-0.0696356275303643,-0.0518218623481781,-0.0607287449392712,-0.0534412955465587,-0.0419407894736842,-0.0476973684210526,-0.0518092105263157,-0.053453947368421,-0.0592105263157894,-0.052540834845735,-0.0499092558983666,-0.052087114337568,-0.0507259528130671,-0.0514519056261343,-0.0529033426940846,-0.0521786393695081,-0.0517256997916477,-0.0515445239605036,-0.0513633481293595,0.0210526315789473,0.0,0.0095693779904306,0.0,0.0175438596491228,0.0175438596491228,0.0161943319838056,0.0210526315789473,0.0225563909774436,0.0,0.0392339660590934,0.0397630410487231,0.0326940522375907,0.0414524836423559,0.0412476344650045,0.0552760728850476,0.0400297044615452,0.0390151865083578,0.0381326433820473,0.0302906388778964
baseline_binary_relevance_model_svc_456,scene,4.961245536804199,5.205260038375855,5.236533164978027,5.8467936515808105,6.082461833953857,5.505741119384766,5.298243761062622,5.297161817550659,4.987884044647217,4.861476898193359,0.3927614688873291,0.4206306934356689,0.6018238067626953,0.5645129680633545,0.6680002212524414,0.4480454921722412,0.4182977676391601,0.4177131652832031,0.3904075622558594,0.3785243034362793,0.4149377593360996,0.7759336099585062,0.6970954356846473,0.2614107883817427,0.2448132780082987,0.4647302904564315,0.7302904564315352,0.725,0.3333333333333333,0.2625,0.7419205909510619,0.7146814404432132,0.7322253000923361,0.7192982456140351,0.7289935364727609,0.7331486611265005,0.7234533702677747,0.7272727272727273,0.7221965851407476,0.7318874019381634,-0.1313969571230982,-0.0463347164591977,-0.0656984785615491,-0.1659751037344398,-0.1666666666666666,-0.1161825726141078,-0.0560165975103734,-0.0555555555555555,-0.1423611111111111,-0.1611111111111111,-0.051708217913204,-0.0571714373653431,-0.054170514004309,-0.0550169282856263,-0.0524776854416743,-0.0528624192059095,-0.0557863958140966,-0.0551453622519612,-0.0552991847408091,-0.0529149361636671,0.3143940311679971,0.4585946573751451,0.3040125747268604,0.1829497577778693,0.1807955182072829,0.3961175149783962,0.36432350718065,0.3521298213327199,0.1907446487790171,0.2720530248313851,0.8337819488570939,0.8373962968506832,0.8430105832405251,0.7897805662210153,0.7984345249087467,0.8259386686864998,0.8437083684079086,0.8392879362109448,0.8013341093648046,0.8094835679759639
baseline_binary_relevance_model_svc_456,birds,0.4651250839233398,0.4695401191711426,0.4606087207794189,0.4501066207885742,0.4778804779052734,0.4827771186828613,0.4685335159301758,0.4651660919189453,0.4571943283081054,0.4682679176330566,0.0425021648406982,0.0420875549316406,0.0405433177947998,0.040673017501831,0.0408506393432617,0.0420072078704834,0.0402843952178955,0.0402064323425293,0.0422074794769287,0.0408358573913574,0.4615384615384615,0.3692307692307692,0.4923076923076923,0.3692307692307692,0.5230769230769231,0.59375,0.46875,0.46875,0.5,0.390625,0.4689655172413793,0.4793103448275862,0.4637931034482758,0.4793103448275862,0.4620689655172413,0.4561101549053356,0.4681583476764199,0.4681583476764199,0.4629948364888124,0.4750430292598967,-0.0453441295546558,-0.0696356275303643,-0.0518218623481781,-0.0607287449392712,-0.0534412955465587,-0.0419407894736842,-0.0476973684210526,-0.0518092105263157,-0.053453947368421,-0.0592105263157894,-0.052540834845735,-0.0499092558983666,-0.052087114337568,-0.0507259528130671,-0.0514519056261343,-0.0529033426940846,-0.0521786393695081,-0.0517256997916477,-0.0515445239605036,-0.0513633481293595,0.0210526315789473,0.0,0.0095693779904306,0.0,0.0175438596491228,0.0175438596491228,0.0161943319838056,0.0210526315789473,0.0225563909774436,0.0,0.0392339660590934,0.0397630410487231,0.0326940522375907,0.0414524836423559,0.0412476344650045,0.0552760728850476,0.0400297044615452,0.0390151865083578,0.0381326433820473,0.0302906388778964
baseline_binary_relevance_model_rfc_123,scene,18.44149112701416,18.92617177963257,18.5251100063324,18.25973868370056,18.042032718658447,18.17908477783203,19.714598178863525,19.32327914237976,17.652842044830322,17.099819660186768,0.1352961063385009,0.1286439895629882,0.1280088424682617,0.1293249130249023,0.1290016174316406,0.1301515102386474,0.1362829208374023,0.1363382339477539,0.123859167098999,0.120584487915039,0.3236514522821577,0.7510373443983402,0.6846473029045643,0.3070539419087137,0.1576763485477178,0.4522821576763485,0.7136929460580913,0.6416666666666667,0.325,0.125,0.9990766389658357,0.9990766389658357,0.9995383194829178,0.9990766389658357,0.9990766389658357,0.9990766389658357,0.9990766389658357,0.9995385325334564,1.0,0.9990770650669129,-0.1410788381742738,-0.0504840940525587,-0.0615491009681881,-0.1507607192254495,-0.173582295988935,-0.115491009681881,-0.0546334716459197,-0.0694444444444444,-0.1375,-0.1763888888888889,-0.000153893505694,-0.000153893505694,-7.694675284702985e-05,-0.000153893505694,-0.000153893505694,-0.000153893505694,-0.000153893505694,-7.691124442393478e-05,-0.0,-0.0001538224888478,0.2875542546595178,0.3862788809938355,0.3090030789465817,0.2031103399524452,0.0846130126426148,0.3568507880394757,0.3591468533458545,0.3341618185735833,0.191448491053581,0.2116914346736508,0.9996447201466236,0.9996469322106148,0.9997217584863662,0.9995311148630678,0.9996389224480904,0.9996459794041338,0.9996446144309736,0.9998373983739838,1.0,0.9996338994702332
baseline_binary_relevance_model_rfc_123,birds,5.7317750453948975,5.472424983978272,5.583796739578247,5.536056756973267,5.528233289718628,7.199482202529907,6.171748399734497,6.095865488052368,5.569902420043945,5.932467460632324,0.2050008773803711,0.2024884223937988,0.2010805606842041,0.2066984176635742,0.2013859748840332,0.2170820236206054,0.2765264511108398,0.2025098800659179,0.2004213333129882,0.2719998359680176,0.5538461538461539,0.4769230769230769,0.5076923076923077,0.4307692307692308,0.5230769230769231,0.6875,0.515625,0.546875,0.515625,0.46875,1.0,1.0,1.0,1.0,1.0,1.0,1.0,1.0,1.0,1.0,-0.0356275303643724,-0.0477732793522267,-0.0421052631578947,-0.0421052631578947,-0.0412955465587044,-0.0254934210526315,-0.0370065789473684,-0.0353618421052631,-0.0435855263157894,-0.0476973684210526,-0.0,-0.0,-0.0,-0.0,-0.0,-0.0,-0.0,-0.0,-0.0,-0.0,0.184701263648632,0.286371677857746,0.1451963241436925,0.2470021206863311,0.2039378749905065,0.2503759398496241,0.1617131062951496,0.2338651114966904,0.1812619784756007,0.2519831046146835,1.0,1.0,1.0,1.0,1.0,1.0,1.0,1.0,1.0,1.0
baseline_binary_relevance_model_rfc_456,scene,22.56728792190552,18.56412601470948,17.61277484893799,17.53709077835083,17.308467626571655,17.333109378814697,18.77532935142517,21.352803707122803,20.833553314208984,18.784385204315186,0.1351096630096435,0.1194963455200195,0.1209087371826171,0.1222093105316162,0.120495319366455,0.1222074031829834,0.1330211162567138,0.1256804466247558,0.1317610740661621,0.1292498111724853,0.3195020746887966,0.7510373443983402,0.6929460580912863,0.2987551867219917,0.1618257261410788,0.4439834024896265,0.7178423236514523,0.6375,0.3458333333333333,0.1375,0.9990766389658357,0.9990766389658357,0.9995383194829178,0.9990766389658357,0.9990766389658357,0.9990766389658357,0.9990766389658357,0.9995385325334564,1.0,0.9990770650669129,-0.1383125864453665,-0.0477178423236514,-0.0615491009681881,-0.148686030428769,-0.173582295988935,-0.115491009681881,-0.0539419087136929,-0.0701388888888888,-0.1388888888888889,-0.1784722222222222,-0.000153893505694,-0.000153893505694,-7.694675284702985e-05,-0.000153893505694,-0.000153893505694,-0.000153893505694,-0.000153893505694,-7.691124442393478e-05,-0.0,-0.0001538224888478,0.3039772125066243,0.3953359274080037,0.3205859062982683,0.2051877661633759,0.0886691776522285,0.34009684473602,0.3836773305813554,0.3256655447324818,0.1973199907982516,0.2096211456236701,0.999645164617736,0.9996472299990296,0.9997217584863662,0.9995303633591204,0.9996393710538012,0.9996456664218476,0.9996447834581264,0.9998370804822416,1.0,0.9996338994702332
baseline_binary_relevance_model_rfc_456,birds,5.949566125869751,6.5732362270355225,5.958193302154541,6.296990156173706,6.094133138656616,6.245034217834473,7.543355703353882,8.104426383972168,6.097286224365234,5.659252405166626,0.226285696029663,0.252000093460083,0.221653938293457,0.2139966487884521,0.2150177955627441,0.211177110671997,0.2081272602081298,0.2190389633178711,0.2019762992858886,0.2371788024902343,0.5384615384615384,0.4615384615384615,0.5384615384615384,0.4153846153846154,0.5384615384615384,0.703125,0.515625,0.546875,0.5625,0.484375,1.0,1.0,1.0,1.0,1.0,1.0,1.0,1.0,1.0,1.0,-0.0380566801619433,-0.0477732793522267,-0.0396761133603238,-0.0461538461538461,-0.0412955465587044,-0.0254934210526315,-0.0361842105263157,-0.0361842105263157,-0.0394736842105263,-0.046875,-0.0,-0.0,-0.0,-0.0,-0.0,-0.0,-0.0,-0.0,-0.0,-0.0,0.1566310882100355,0.3053020683501058,0.1537176274018379,0.2203007518796992,0.2153413837624364,0.202046783625731,0.1822644847412649,0.1968008255933952,0.235045948203843,0.2595141700404858,1.0,1.0,1.0,1.0,1.0,1.0,1.0,1.0,1.0,1.0
baseline_binary_relevance_model_knn,scene,0.024935245513916,0.0219557285308837,0.0229697227478027,0.021815538406372,0.0230438709259033,0.0220148563385009,0.0224251747131347,0.0220096111297607,0.0220394134521484,0.0270006656646728,2.7551491260528564,2.4025087356567383,2.213697671890259,2.116599798202514,2.1717865467071533,2.10593318939209,2.12127423286438,2.4503049850463867,2.1098787784576416,2.7391791343688965,0.2904564315352697,0.6639004149377593,0.6970954356846473,0.4232365145228215,0.5435684647302904,0.3692946058091286,0.5684647302904564,0.7208333333333333,0.4458333333333333,0.6291666666666667,0.7460757156048015,0.7308402585410896,0.7322253000923361,0.7368421052631579,0.7451523545706371,0.7419205909510619,0.7253000923361034,0.7221965851407476,0.7397323488694048,0.7438855560682972,-0.2102351313969571,-0.0961272475795297,-0.0691562932226832,-0.1562932226832641,-0.1189488243430152,-0.1687413554633471,-0.1203319502074688,-0.0611111111111111,-0.1465277777777777,-0.10625,-0.0637119113573407,-0.0657125269313635,-0.0667897814712219,-0.0650200061557402,-0.0609418282548476,-0.0648661126500461,-0.0686365035395506,-0.0696815874480849,-0.065989847715736,-0.0614520842947238,0.2203739822787442,0.330649578267061,0.3155409748002341,0.22002442002442,0.2197628458498023,0.3034455538487797,0.2888045438014098,0.3273201362281822,0.2251093935304461,0.2933112377625248,0.8018881896898673,0.8108908846365095,0.8143290699945013,0.7939668584690419,0.8111320464357911,0.7945493599036949,0.7944458534225679,0.8020876909189862,0.7973252185459878,0.8120985820379653
baseline_binary_relevance_model_knn,birds,0.0370008945465087,0.0320007801055908,0.0360002517700195,0.0243885517120361,0.0212378501892089,0.0220067501068115,0.0212206840515136,0.0223314762115478,0.0202095508575439,0.0211131572723388,0.4619991779327392,0.4260954856872558,0.4640071392059326,0.3844807147979736,0.4593119621276855,0.3609671592712402,0.3551409244537353,0.3604884147644043,0.3540654182434082,0.3541805744171142,0.4769230769230769,0.3692307692307692,0.4923076923076923,0.3692307692307692,0.5384615384615384,0.59375,0.453125,0.4375,0.5,0.375,0.4982758620689655,0.5103448275862069,0.493103448275862,0.503448275862069,0.4879310344827586,0.4888123924268502,0.4991394148020654,0.4991394148020654,0.4905335628227194,0.5129087779690189,-0.0518218623481781,-0.0728744939271255,-0.0550607287449392,-0.0631578947368421,-0.0534412955465587,-0.037828947368421,-0.053453947368421,-0.0657894736842105,-0.0567434210526315,-0.0674342105263157,-0.0496370235934664,-0.0478221415607985,-0.0490018148820326,-0.049092558983666,-0.05,-0.0504574689736389,-0.0495515898179182,-0.0486457106621976,-0.0499139414802065,-0.0481927710843373,0.0570175438596491,0.0397045244690674,0.0456140350877193,0.0508771929824561,0.097953216374269,0.0891812865497076,0.0526315789473684,0.0337381916329284,0.0494505494505494,0.0204678362573099,0.141198257097792,0.1359326797080388,0.1437824672406222,0.1393644110255949,0.1138691790437218,0.1587360374153705,0.1296446308865183,0.1383478145734026,0.1247143917372484,0.1489105068720451
baseline_binary_relevance_model,birds,0.0319905281066894,0.0199983119964599,0.0320003032684326,0.0189990997314453,0.0239689350128173,0.0219638347625732,0.0231120586395263,0.0231592655181884,0.0207006931304931,0.0187058448791503,0.3781774044036865,0.5709993839263916,0.493997573852539,0.4184539318084717,0.3453974723815918,0.3382699489593506,0.3343565464019775,0.3422563076019287,0.4511313438415527,0.3594412803649902,0.4769230769230769,0.3692307692307692,0.4923076923076923,0.3692307692307692,0.5384615384615384,0.59375,0.453125,0.4375,0.5,0.375,0.4982758620689655,0.5103448275862069,0.493103448275862,0.503448275862069,0.4879310344827586,0.4888123924268502,0.4991394148020654,0.4991394148020654,0.4905335628227194,0.5129087779690189,-0.0518218623481781,-0.0728744939271255,-0.0550607287449392,-0.0631578947368421,-0.0534412955465587,-0.037828947368421,-0.053453947368421,-0.0657894736842105,-0.0567434210526315,-0.0674342105263157,-0.0496370235934664,-0.0478221415607985,-0.0490018148820326,-0.049092558983666,-0.05,-0.0504574689736389,-0.0495515898179182,-0.0486457106621976,-0.0499139414802065,-0.0481927710843373,0.0570175438596491,0.0397045244690674,0.0456140350877193,0.0508771929824561,0.097953216374269,0.0891812865497076,0.0526315789473684,0.0337381916329284,0.0494505494505494,0.0204678362573099,0.141198257097792,0.1359326797080388,0.1437824672406222,0.1393644110255949,0.1138691790437218,0.1587360374153705,0.1296446308865183,0.1383478145734026,0.1247143917372484,0.1489105068720451
baseline_binary_relevance_model,emotions,0.0090000629425048,0.0070006847381591,0.00700044631958,0.0079989433288574,0.0059988498687744,0.0070018768310546,0.0089974403381347,0.0130019187927246,0.0060005187988281,0.0149989128112792,0.0979981422424316,0.0789976119995117,0.1049995422363281,0.1089999675750732,0.1059997081756591,0.1239993572235107,0.0849990844726562,0.0919983386993408,0.0739970207214355,0.0679993629455566,0.2,0.2,0.1833333333333333,0.2203389830508474,0.1694915254237288,0.2033898305084746,0.1016949152542373,0.1525423728813559,0.2033898305084746,0.1525423728813559,0.3677298311444653,0.3358348968105065,0.3433395872420263,0.3614232209737827,0.3576779026217228,0.352059925093633,0.3352059925093633,0.3595505617977528,0.350187265917603,0.3389513108614232,-0.2583333333333333,-0.2638888888888889,-0.2611111111111111,-0.2655367231638418,-0.2740112994350282,-0.2627118644067797,-0.2966101694915254,-0.3022598870056497,-0.2655367231638418,-0.2796610169491525,-0.1779237023139462,-0.181676047529706,-0.1838649155722326,-0.1813358302122347,-0.181023720349563,-0.1869538077403246,-0.1863295880149812,-0.1794631710362047,-0.1875780274656679,-0.1860174781523096,0.4790522185885848,0.4640244172577292,0.4423419957033402,0.4479435124596414,0.4819192492506696,0.4950425580860363,0.50230985738321,0.4205792362235193,0.4966664952694364,0.5041991317599838,0.6668739460951838,0.6613847342483342,0.6622629977986586,0.6659862196626354,0.6638486311000491,0.657470496284765,0.6348005749169988,0.6615504203139921,0.6483003986772787,0.6474812721668509
baseline_binary_relevance_model,scene,0.048997163772583,0.0429997444152832,0.043997049331665,0.0429973602294921,0.0419971942901611,0.0319993495941162,0.0369982719421386,0.0439982414245605,0.0479998588562011,0.0369997024536132,3.449002265930176,3.4570000171661377,3.4119997024536133,3.436001300811768,2.4979989528656006,2.468001365661621,2.490999698638916,2.4899990558624268,2.364023447036743,2.228999614715576,0.2904564315352697,0.6639004149377593,0.6970954356846473,0.4232365145228215,0.5435684647302904,0.3692946058091286,0.5684647302904564,0.7208333333333333,0.4458333333333333,0.6291666666666667,0.7460757156048015,0.7308402585410896,0.7322253000923361,0.7368421052631579,0.7451523545706371,0.7419205909510619,0.7253000923361034,0.7221965851407476,0.7397323488694048,0.7438855560682972,-0.2102351313969571,-0.0961272475795297,-0.0691562932226832,-0.1562932226832641,-0.1189488243430152,-0.1687413554633471,-0.1203319502074688,-0.0611111111111111,-0.1465277777777777,-0.10625,-0.0637119113573407,-0.0657125269313635,-0.0667897814712219,-0.0650200061557402,-0.0609418282548476,-0.0648661126500461,-0.0686365035395506,-0.0696815874480849,-0.065989847715736,-0.0614520842947238,0.2203739822787442,0.330649578267061,0.3155409748002341,0.22002442002442,0.2197628458498023,0.3034455538487797,0.2888045438014098,0.3273201362281822,0.2251093935304461,0.2933112377625248,0.8018881896898673,0.8108908846365095,0.8143290699945013,0.7939668584690419,0.8111320464357911,0.7945493599036949,0.7944458534225679,0.8020876909189862,0.7973252185459878,0.8120985820379653
baseline_stacked_generalization,birds,3.0890164375305176,3.0670158863067627,3.086017370223999,3.126017093658448,2.9450013637542725,2.9379985332489014,2.935998916625977,2.95199990272522,2.829999685287476,2.826029062271118,0.7419986724853516,0.7269983291625977,0.7239975929260254,0.7289984226226807,0.7319979667663574,0.7260029315948486,0.7269992828369141,0.7129983901977539,0.6879997253417969,0.6859695911407471,0.4769230769230769,0.3692307692307692,0.4923076923076923,0.3692307692307692,0.5384615384615384,0.59375,0.453125,0.4375,0.5,0.375,0.4982758620689655,0.5103448275862069,0.493103448275862,0.503448275862069,0.4879310344827586,0.4888123924268502,0.4991394148020654,0.4991394148020654,0.4905335628227194,0.5129087779690189,-0.0518218623481781,-0.0728744939271255,-0.0550607287449392,-0.0631578947368421,-0.0534412955465587,-0.037828947368421,-0.053453947368421,-0.0657894736842105,-0.0567434210526315,-0.0674342105263157,-0.0496370235934664,-0.0478221415607985,-0.0490018148820326,-0.049092558983666,-0.05,-0.0504574689736389,-0.0495515898179182,-0.0486457106621976,-0.0499139414802065,-0.0481927710843373,0.0570175438596491,0.0397045244690674,0.0456140350877193,0.0508771929824561,0.097953216374269,0.0891812865497076,0.0526315789473684,0.0337381916329284,0.0494505494505494,0.0204678362573099,0.141198257097792,0.1359326797080388,0.1437824672406222,0.1393644110255949,0.1138691790437218,0.1587360374153705,0.1296446308865183,0.1383478145734026,0.1247143917372484,0.1489105068720451
baseline_stacked_generalization,emotions,0.5049970149993896,0.5169994831085205,0.5020008087158203,0.5039989948272705,0.5260009765625,0.5129997730255127,0.5290007591247559,0.5250003337860107,0.4909977912902832,0.485999584197998,0.1400012969970703,0.1369974613189697,0.1419992446899414,0.1370007991790771,0.1479973793029785,0.1420001983642578,0.1349987983703613,0.1389973163604736,0.1290004253387451,0.1279981136322021,0.2,0.2166666666666666,0.2,0.2203389830508474,0.1525423728813559,0.2033898305084746,0.1016949152542373,0.1694915254237288,0.2033898305084746,0.1525423728813559,0.373358348968105,0.3358348968105065,0.3470919324577861,0.3689138576779026,0.3614232209737827,0.3595505617977528,0.3370786516853932,0.3576779026217228,0.3539325842696629,0.3426966292134831,-0.2583333333333333,-0.2638888888888889,-0.2638888888888889,-0.2711864406779661,-0.2768361581920904,-0.2627118644067797,-0.2909604519774011,-0.2909604519774011,-0.2655367231638418,-0.2796610169491525,-0.1782363977485928,-0.182614133833646,-0.1844903064415259,-0.180087390761548,-0.180087390761548,-0.1866416978776529,-0.1844569288389513,-0.1803995006242197,-0.1875780274656679,-0.1863295880149812,0.4857277269882311,0.4665226135059254,0.4508763185233773,0.4356533477304523,0.4832489406018818,0.4950425580860363,0.5133359181714118,0.4489361534522824,0.498152227279362,0.5041991317599838,0.6688066981868381,0.6602122852620703,0.6626297991049186,0.6704400630534807,0.6673350979961225,0.659677191310899,0.6419776976575184,0.6615195640802517,0.6507792351062441,0.6496620063590327
baseline_stacked_generalization,scene,24.87699770927429,24.99000024795532,24.45299768447876,25.03999781608581,27.79651379585266,26.16151213645935,27.437515020370483,27.59151244163513,20.82877206802368,20.73379874229431,5.148999929428101,5.247999668121338,5.244999885559082,5.169000625610352,5.427000045776367,5.161998987197876,5.129023790359497,5.080023527145386,4.306000471115112,4.305975437164307,0.2987551867219917,0.6680497925311203,0.7136929460580913,0.4439834024896265,0.5767634854771784,0.4522821576763485,0.5767634854771784,0.7291666666666666,0.4666666666666667,0.6416666666666667,0.7543859649122807,0.7446906740535549,0.7433056325023084,0.7511542012927055,0.7539242843951985,0.7608494921514312,0.7386888273314867,0.7388094139363175,0.7489616982002769,0.7604983848638671,-0.2095435684647303,-0.0961272475795297,-0.0670816044260027,-0.1562932226832641,-0.119640387275242,-0.1549100968188105,-0.1182572614107883,-0.0618055555555555,-0.1444444444444444,-0.1083333333333333,-0.0625577100646352,-0.0641735918744229,-0.0653277931671283,-0.0633271775931055,-0.0603262542320714,-0.0624807633117882,-0.067251461988304,-0.0678357175819104,-0.0649900015382248,-0.0592985694508537,0.2293849561291422,0.3311125555194453,0.3192309159246623,0.226262233456478,0.2193212986878567,0.3195379173565066,0.3124428387925498,0.3258968327461478,0.2284071856287425,0.2959608807781795,0.8065229551816088,0.8179729619118229,0.8197533789710588,0.8034136948731456,0.8142952041179464,0.8103967203324008,0.8008530808308144,0.8104030244393202,0.8030175775875067,0.8197167421194246
baseline_dependant_binary_relevance,birds,3.18999981880188,3.152972221374512,3.184985637664795,3.184999942779541,2.978999376296997,2.9860007762908936,3.0089986324310303,2.9560000896453857,3.02204704284668,3.0100247859954834,0.4889986515045166,0.5029995441436768,0.484999418258667,0.4829964637756347,0.4900004863739013,0.4799990653991699,0.4820003509521484,0.4739983081817627,0.4569778442382812,0.4620018005371094,0.4769230769230769,0.3692307692307692,0.4923076923076923,0.3692307692307692,0.5384615384615384,0.59375,0.453125,0.4375,0.5,0.375,0.4982758620689655,0.5103448275862069,0.493103448275862,0.503448275862069,0.4879310344827586,0.4888123924268502,0.4991394148020654,0.4991394148020654,0.4905335628227194,0.5129087779690189,-0.0518218623481781,-0.0728744939271255,-0.0550607287449392,-0.0631578947368421,-0.0534412955465587,-0.037828947368421,-0.053453947368421,-0.0657894736842105,-0.0567434210526315,-0.0674342105263157,-0.0496370235934664,-0.0478221415607985,-0.0490018148820326,-0.049092558983666,-0.05,-0.0504574689736389,-0.0495515898179182,-0.0486457106621976,-0.0499139414802065,-0.0481927710843373,0.0570175438596491,0.0397045244690674,0.0456140350877193,0.0508771929824561,0.097953216374269,0.0891812865497076,0.0526315789473684,0.0337381916329284,0.0494505494505494,0.0204678362573099,0.141198257097792,0.1359326797080388,0.1437824672406222,0.1393644110255949,0.1138691790437218,0.1587360374153705,0.1296446308865183,0.1383478145734026,0.1247143917372484,0.1489105068720451
baseline_dependant_binary_relevance,emotions,0.4989979267120361,0.4969983100891113,0.5139999389648438,0.5080015659332275,0.5589983463287354,0.5469989776611328,0.5309975147247314,0.533998966217041,0.4909951686859131,0.4969956874847412,0.1119990348815918,0.1050002574920654,0.1409993171691894,0.112999677658081,0.1059975624084472,0.1110002994537353,0.106999397277832,0.102999210357666,0.0969991683959961,0.097999095916748,0.2,0.2,0.15,0.2203389830508474,0.1525423728813559,0.2203389830508474,0.0847457627118644,0.1694915254237288,0.2033898305084746,0.1525423728813559,0.3714821763602251,0.3377110694183864,0.3452157598499062,0.3689138576779026,0.3689138576779026,0.3539325842696629,0.3408239700374532,0.3576779026217228,0.3576779026217228,0.3445692883895131,-0.2611111111111111,-0.2638888888888889,-0.2722222222222222,-0.2740112994350282,-0.2768361581920904,-0.2570621468926554,-0.2966101694915254,-0.2909604519774011,-0.268361581920904,-0.2796610169491525,-0.1791744840525328,-0.1829268292682926,-0.1848030018761726,-0.1822721598002497,-0.1813358302122347,-0.1891385767790262,-0.1860174781523096,-0.1807116104868913,-0.1878901373283395,-0.1863295880149812,0.4697963544392116,0.4672580887751166,0.4384649710056469,0.4327497472658763,0.4858521471266568,0.5096767044274998,0.5097323145678082,0.4489361534522824,0.4951280337309749,0.5041991317599838,0.6673518283238847,0.6622302578704423,0.6625962662171702,0.6668784775583108,0.664485736734061,0.6556474119692521,0.6381693835171894,0.6596930823953696,0.6501391967690627,0.6490672555863547
baseline_dependant_binary_relevance,scene,25.075162172317505,24.62516212463379,25.02316355705261,25.102162837982178,22.29605770111084,23.296056270599365,23.882056951522827,23.92205786705017,19.56961226463318,19.340617179870605,2.9609999656677246,2.9240005016326904,2.973998546600342,2.928999185562134,2.933998107910156,2.835999011993408,2.803999185562134,2.845997095108032,2.334000825881958,2.302996158599853,0.3195020746887966,0.6804979253112033,0.7344398340248963,0.4439834024896265,0.5892116182572614,0.4398340248962655,0.5850622406639004,0.7166666666666667,0.4625,0.6375,0.7571560480147738,0.7446906740535549,0.7419205909510619,0.7516158818097877,0.7585410895660203,0.7566943674976916,0.7368421052631579,0.7392708814028611,0.7489616982002769,0.7581910475311491,-0.2185338865836791,-0.098893499308437,-0.0684647302904564,-0.1701244813278008,-0.123789764868603,-0.1632088520055325,-0.1286307053941908,-0.0673611111111111,-0.1513888888888888,-0.1111111111111111,-0.0664050477069867,-0.067020621729763,-0.0682517697753154,-0.0668667282240689,-0.0617882425361649,-0.0657125269313635,-0.0710987996306555,-0.0700661436702045,-0.0686048300261498,-0.063605599138594,0.2537697681627306,0.325521340634868,0.332451558895718,0.2312792435979575,0.2042143669195991,0.3240685933894365,0.3273260603937895,0.3251371907191682,0.243414195867026,0.2930418544229285,0.8067885613172269,0.8186869639836153,0.818739786934513,0.801275432325764,0.8154441727717031,0.8105513466314557,0.7981175973096434,0.8105792801483559,0.7996845544997412,0.8124663990445629
baseline_classifier_chain,birds,0.381000280380249,0.3650004863739013,0.3650004863739013,0.3309991359710693,0.3529996871948242,0.346998929977417,0.3489980697631836,0.3379983901977539,0.3350560665130615,0.3250577449798584,0.1209979057312011,0.1140103340148925,0.1150009632110595,0.1139993667602539,0.1180007457733154,0.113999605178833,0.1440045833587646,0.1199991703033447,0.1060004234313964,0.1069984436035156,0.4769230769230769,0.3692307692307692,0.4923076923076923,0.3692307692307692,0.5384615384615384,0.59375,0.453125,0.4375,0.5,0.375,0.4982758620689655,0.5103448275862069,0.493103448275862,0.503448275862069,0.4879310344827586,0.4888123924268502,0.4991394148020654,0.4991394148020654,0.4905335628227194,0.5129087779690189,-0.0518218623481781,-0.0728744939271255,-0.0550607287449392,-0.0631578947368421,-0.0534412955465587,-0.037828947368421,-0.053453947368421,-0.0657894736842105,-0.0567434210526315,-0.0674342105263157,-0.0496370235934664,-0.0478221415607985,-0.0490018148820326,-0.049092558983666,-0.05,-0.0504574689736389,-0.0495515898179182,-0.0486457106621976,-0.0499139414802065,-0.0481927710843373,0.0570175438596491,0.0397045244690674,0.0456140350877193,0.0508771929824561,0.097953216374269,0.0891812865497076,0.0526315789473684,0.0337381916329284,0.0494505494505494,0.0204678362573099,0.141198257097792,0.1359326797080388,0.1437824672406222,0.1393644110255949,0.1138691790437218,0.1587360374153705,0.1296446308865183,0.1383478145734026,0.1247143917372484,0.1489105068720451
baseline_classifier_chain,emotions,0.0919985771179199,0.1009962558746337,0.1009976863861084,0.0989999771118164,0.1230006217956543,0.1110005378723144,0.1009974479675293,0.1129989624023437,0.0919966697692871,0.0889971256256103,0.0320010185241699,0.0319998264312744,0.0320024490356445,0.029998779296875,0.0349981784820556,0.0360000133514404,0.0389995574951171,0.0320007801055908,0.034001350402832,0.0340020656585693,0.2,0.2,0.1833333333333333,0.2203389830508474,0.1694915254237288,0.2203389830508474,0.1016949152542373,0.1694915254237288,0.2033898305084746,0.1525423728813559,0.373358348968105,0.3452157598499062,0.3564727954971857,0.3707865168539326,0.3782771535580524,0.3595505617977528,0.3408239700374532,0.3651685393258427,0.3576779026217228,0.3426966292134831,-0.2527777777777777,-0.2694444444444444,-0.2666666666666666,-0.268361581920904,-0.2711864406779661,-0.2598870056497175,-0.2994350282485876,-0.2966101694915254,-0.2655367231638418,-0.2824858757062147,-0.1776110068792995,-0.1797998749218261,-0.181676047529706,-0.1822721598002497,-0.1785268414481897,-0.1869538077403246,-0.1860174781523096,-0.179151061173533,-0.1869538077403246,-0.1857053682896379,0.485492127885637,0.4656892149624709,0.4363052526210421,0.4435789375687508,0.4923655930303467,0.507740970784449,0.5027697520277918,0.4357038684958595,0.5006615933086521,0.4954625726201987,0.6720202190986021,0.6671685492012357,0.6673446914373805,0.6660830126901289,0.6706566754524776,0.6571878448094913,0.6414893291569217,0.6630926570024605,0.6514571615753438,0.6497860793285479
baseline_classifier_chain,scene,0.7609999179840088,0.7430000305175781,0.7259995937347412,0.7629997730255127,0.6380000114440918,0.600999116897583,0.5940024852752686,0.643000602722168,0.9100000858306884,0.8600008487701416,0.270998477935791,0.2860004901885986,0.2710022926330566,0.2689986228942871,0.2139999866485595,0.210000991821289,0.2249987125396728,0.2989990711212158,0.2029986381530761,0.2019970417022705,0.2946058091286307,0.6721991701244814,0.7427385892116183,0.4564315352697095,0.6390041493775933,0.3734439834024896,0.5726141078838174,0.7333333333333333,0.4833333333333333,0.6625,0.7617728531855956,0.7469990766389658,0.7497691597414589,0.7502308402585411,0.7640812557710065,0.7580794090489381,0.7423822714681441,0.7438855560682972,0.7526534379326257,0.7692662667281956,-0.2365145228215767,-0.1002766251728907,-0.0739972337482711,-0.1721991701244813,-0.1141078838174273,-0.1950207468879668,-0.1313969571230982,-0.0701388888888888,-0.1555555555555555,-0.1097222222222222,-0.0689442905509387,-0.072329947676208,-0.0724838411819021,-0.0719452139119729,-0.0657125269313635,-0.0712526931363496,-0.074792243767313,-0.0749884633133364,-0.0715274573142593,-0.0650669127826488,0.2324290261448731,0.3267004237592473,0.3181353800454157,0.2257940106528242,0.2307996406109614,0.2790187460886386,0.3175202743773189,0.3293630707581989,0.2317400147928994,0.2937735911910845,0.7950721687040536,0.8017456863860605,0.8074097439039463,0.7856581780974209,0.8033908372884038,0.7853829511257961,0.7863950453222918,0.7981607288595672,0.7915646017366242,0.8067326760221891
stacking_with_f_tests-alpha=0.25,birds,0.3319993019104004,0.3060004711151123,0.3069996833801269,0.2990014553070068,0.4020004272460937,0.543004035949707,0.4479966163635254,0.4149999618530273,0.3170011043548584,0.3710005283355713,0.7199993133544922,0.7960000038146973,0.6149990558624268,0.6229968070983887,0.9320008754730223,0.7899975776672363,0.7799994945526123,0.8289966583251953,0.6799991130828857,0.5719988346099854,0.4769230769230769,0.3692307692307692,0.4923076923076923,0.3692307692307692,0.5384615384615384,0.59375,0.453125,0.4375,0.5,0.375,0.4982758620689655,0.5103448275862069,0.493103448275862,0.503448275862069,0.4879310344827586,0.4888123924268502,0.4991394148020654,0.4991394148020654,0.4905335628227194,0.5129087779690189,-0.0518218623481781,-0.0728744939271255,-0.0550607287449392,-0.0631578947368421,-0.0534412955465587,-0.037828947368421,-0.053453947368421,-0.0657894736842105,-0.0567434210526315,-0.0674342105263157,-0.0496370235934664,-0.0478221415607985,-0.0490018148820326,-0.049092558983666,-0.05,-0.0504574689736389,-0.0495515898179182,-0.0486457106621976,-0.0499139414802065,-0.0481927710843373,0.0570175438596491,0.0397045244690674,0.0456140350877193,0.0508771929824561,0.097953216374269,0.0891812865497076,0.0526315789473684,0.0337381916329284,0.0494505494505494,0.0204678362573099,0.141198257097792,0.1359326797080388,0.1437824672406222,0.1393644110255949,0.1138691790437218,0.1587360374153705,0.1296446308865183,0.1383478145734026,0.1247143917372484,0.1489105068720451
stacking_with_f_tests-alpha=0.25,emotions,0.0710017681121826,0.045999526977539,0.0430004596710205,0.0469996929168701,0.0439929962158203,0.0559968948364257,0.0599989891052246,0.0440015792846679,0.0489990711212158,0.0399980545043945,0.1249959468841552,0.1349976062774658,0.140002965927124,0.1359980106353759,0.1549994945526123,0.1579995155334472,0.1460006237030029,0.1549971103668213,0.1169993877410888,0.1039991378784179,0.2,0.2,0.1833333333333333,0.2203389830508474,0.1694915254237288,0.2033898305084746,0.1016949152542373,0.1525423728813559,0.2033898305084746,0.1525423728813559,0.3677298311444653,0.3358348968105065,0.3433395872420263,0.3614232209737827,0.3576779026217228,0.352059925093633,0.3352059925093633,0.3595505617977528,0.350187265917603,0.3389513108614232,-0.2583333333333333,-0.2638888888888889,-0.2611111111111111,-0.2655367231638418,-0.2740112994350282,-0.2627118644067797,-0.2966101694915254,-0.3022598870056497,-0.2655367231638418,-0.2796610169491525,-0.1779237023139462,-0.181676047529706,-0.1838649155722326,-0.1813358302122347,-0.181023720349563,-0.1869538077403246,-0.1863295880149812,-0.1794631710362047,-0.1875780274656679,-0.1860174781523096,0.4790522185885848,0.4640244172577292,0.4423419957033402,0.4479435124596414,0.4819192492506696,0.4950425580860363,0.50230985738321,0.4205792362235193,0.4966664952694364,0.5041991317599838,0.6668739460951838,0.6613847342483342,0.6622629977986586,0.6659862196626354,0.6638486311000491,0.657470496284765,0.6348005749169988,0.6615504203139921,0.6483003986772787,0.6474812721668509
stacking_with_f_tests-alpha=0.25,scene,0.1419985294342041,0.1539993286132812,0.153998851776123,0.1129977703094482,0.1210005283355712,0.1270012855529785,0.1320006847381591,0.1319994926452636,0.1180002689361572,0.1349999904632568,3.9150006771087646,3.975999355316162,3.9609992504119873,3.999001264572144,3.380998134613037,3.492997646331787,3.507997989654541,3.5430006980896,2.5489978790283203,2.537001132965088,0.2904564315352697,0.6639004149377593,0.6970954356846473,0.4232365145228215,0.5435684647302904,0.3692946058091286,0.5684647302904564,0.7208333333333333,0.4458333333333333,0.6291666666666667,0.7460757156048015,0.7308402585410896,0.7322253000923361,0.7391505078485688,0.7451523545706371,0.7419205909510619,0.7253000923361034,0.7221965851407476,0.7415782187355792,0.7438855560682972,-0.2102351313969571,-0.0961272475795297,-0.0691562932226832,-0.156984785615491,-0.1189488243430152,-0.1687413554633471,-0.1203319502074688,-0.0611111111111111,-0.1472222222222222,-0.10625,-0.0637119113573407,-0.0657125269313635,-0.0667897814712219,-0.0654047399199753,-0.0609418282548476,-0.0648661126500461,-0.0686365035395506,-0.0696815874480849,-0.0663744039378557,-0.0614520842947238,0.2203739822787442,0.330649578267061,0.3155409748002341,0.22002442002442,0.2197628458498023,0.3034455538487797,0.2888045438014098,0.3273201362281822,0.2251093935304461,0.2933112377625248,0.8018881896898673,0.8108908846365095,0.8143290699945013,0.7942665573143382,0.8111320464357911,0.7945493599036949,0.7944458534225679,0.8020876909189862,0.797331648571416,0.8120985820379653
stacking_with_f_tests-alpha=0.50,birds,0.2999999523162842,0.3100016117095947,0.3199977874755859,0.3009991645812988,0.2770030498504638,0.270000696182251,0.264998197555542,0.2619996070861816,0.2299995422363281,0.2199988365173339,0.8329997062683105,0.844998836517334,0.8409976959228516,0.8769991397857666,0.5985479354858398,0.5815491676330566,0.5745499134063721,0.6315493583679199,0.4579994678497314,0.458998441696167,0.4769230769230769,0.3692307692307692,0.4923076923076923,0.3692307692307692,0.5384615384615384,0.59375,0.453125,0.4375,0.5,0.375,0.4982758620689655,0.5103448275862069,0.493103448275862,0.503448275862069,0.4879310344827586,0.4888123924268502,0.4991394148020654,0.4991394148020654,0.4905335628227194,0.5129087779690189,-0.0518218623481781,-0.0728744939271255,-0.0550607287449392,-0.0631578947368421,-0.0534412955465587,-0.037828947368421,-0.053453947368421,-0.0657894736842105,-0.0567434210526315,-0.0674342105263157,-0.0496370235934664,-0.0478221415607985,-0.0490018148820326,-0.049092558983666,-0.05,-0.0504574689736389,-0.0495515898179182,-0.0486457106621976,-0.0499139414802065,-0.0481927710843373,0.0570175438596491,0.0397045244690674,0.0456140350877193,0.0508771929824561,0.097953216374269,0.0891812865497076,0.0526315789473684,0.0337381916329284,0.0494505494505494,0.0204678362573099,0.141198257097792,0.1359326797080388,0.1437824672406222,0.1393644110255949,0.1138691790437218,0.1587360374153705,0.1296446308865183,0.1383478145734026,0.1247143917372484,0.1489105068720451
stacking_with_f_tests-alpha=0.50,emotions,0.0339999198913574,0.0330009460449218,0.0390026569366455,0.0380017757415771,0.038001537322998,0.0440001487731933,0.0379986763000488,0.0399978160858154,0.042997121810913,0.035999059677124,0.1079990863800048,0.1099963188171386,0.1029999256134033,0.1069982051849365,0.1039984226226806,0.1009981632232666,0.1099987030029296,0.0979974269866943,0.1029975414276123,0.0999979972839355,0.2,0.2166666666666666,0.2,0.2203389830508474,0.1694915254237288,0.2033898305084746,0.1016949152542373,0.1525423728813559,0.2033898305084746,0.1525423728813559,0.373358348968105,0.3433395872420263,0.348968105065666,0.3670411985018726,0.3651685393258427,0.3576779026217228,0.3426966292134831,0.3670411985018726,0.3614232209737827,0.3445692883895131,-0.2583333333333333,-0.2583333333333333,-0.2583333333333333,-0.268361581920904,-0.2740112994350282,-0.2627118644067797,-0.3022598870056497,-0.2994350282485876,-0.268361581920904,-0.2796610169491525,-0.1769856160100062,-0.1813633520950594,-0.1838649155722326,-0.181023720349563,-0.180087390761548,-0.1866416978776529,-0.1860174781523096,-0.1788389513108614,-0.1869538077403246,-0.1869538077403246,0.4790522185885848,0.4770917191969823,0.4574213607827053,0.4459273834273834,0.4887367454799305,0.4950425580860363,0.4987996244612122,0.4313484669927501,0.4951280337309749,0.5041991317599838,0.6717501588877691,0.6644816588021392,0.6638208185807841,0.6683721746687277,0.6675890088766065,0.6595038736373523,0.637902440902178,0.6628182501584917,0.653154832281695,0.6477346232455796
stacking_with_f_tests-alpha=0.50,scene,0.1140005588531494,0.1080019474029541,0.1270010471343994,0.1159994602203369,0.1159999370574951,0.1179966926574707,0.1240010261535644,0.0999972820281982,0.1109986305236816,0.0969974994659423,3.115999221801758,3.090997695922852,3.111999988555908,3.088001012802124,2.819000720977783,2.866000175476074,2.898998737335205,2.889001607894897,2.532999992370605,2.44100022315979,0.3153526970954357,0.6846473029045643,0.7178423236514523,0.4979253112033195,0.6182572614107884,0.3858921161825726,0.5809128630705395,0.7291666666666666,0.5,0.6541666666666667,0.7613111726685133,0.7442289935364728,0.7442289935364728,0.7502308402585411,0.7571560480147738,0.7553093259464451,0.7391505078485688,0.7378864790032302,0.7503461005999077,0.7604983848638671,-0.2206085753803596,-0.0933609958506224,-0.0705394190871369,-0.1473029045643153,-0.1099585062240663,-0.1784232365145228,-0.1244813278008298,-0.0611111111111111,-0.1402777777777777,-0.1055555555555555,-0.0648661126500461,-0.0665589412126808,-0.0680978762696214,-0.0653277931671283,-0.0614035087719298,-0.0659433671899045,-0.069713758079409,-0.0706045223811721,-0.0666820489155514,-0.0616828180279956,0.2344598672695172,0.3330212592507675,0.3194104308390022,0.2352607709750567,0.2298066264318266,0.2907659932659932,0.3055257493920266,0.3370427609560185,0.2369549352307972,0.2943331704934049,0.8068897356270832,0.8172916790182457,0.817265744092016,0.8015329892357586,0.8140486931227037,0.7990672476002575,0.7995881899141803,0.8069917089961063,0.8010207907500394,0.8148843860578543
stacking_with_f_tests-alpha=0.75,birds,0.2409970760345459,0.2300009727478027,0.2319984436035156,0.2379987239837646,0.2539994716644287,0.2429976463317871,0.2329964637756347,0.2349991798400879,0.2490043640136718,0.2189991474151611,0.5029985904693604,0.5029981136322021,0.501997709274292,0.5049993991851807,0.4880003929138183,0.4810001850128174,0.4939999580383301,0.5159988403320312,0.4599928855895996,0.4569985866546631,0.4769230769230769,0.3692307692307692,0.4923076923076923,0.3692307692307692,0.5384615384615384,0.59375,0.453125,0.4375,0.5,0.375,0.4982758620689655,0.5103448275862069,0.493103448275862,0.503448275862069,0.4879310344827586,0.4888123924268502,0.4991394148020654,0.4991394148020654,0.4905335628227194,0.5129087779690189,-0.0518218623481781,-0.0728744939271255,-0.0550607287449392,-0.0631578947368421,-0.0534412955465587,-0.037828947368421,-0.053453947368421,-0.0657894736842105,-0.0567434210526315,-0.0674342105263157,-0.0496370235934664,-0.0478221415607985,-0.0490018148820326,-0.049092558983666,-0.05,-0.0504574689736389,-0.0495515898179182,-0.0486457106621976,-0.0499139414802065,-0.0481927710843373,0.0570175438596491,0.0397045244690674,0.0456140350877193,0.0508771929824561,0.097953216374269,0.0891812865497076,0.0526315789473684,0.0337381916329284,0.0494505494505494,0.0204678362573099,0.141198257097792,0.1359326797080388,0.1437824672406222,0.1393644110255949,0.1138691790437218,0.1587360374153705,0.1296446308865183,0.1383478145734026,0.1247143917372484,0.1489105068720451
stacking_with_f_tests-alpha=0.75,emotions,0.03300142288208,0.0330009460449218,0.03999924659729,0.0389995574951171,0.0380010604858398,0.0420010089874267,0.0320010185241699,0.0370006561279296,0.0529978275299072,0.0439991950988769,0.1019978523254394,0.1009988784790039,0.1030001640319824,0.094999074935913,0.1119987964630127,0.1039981842041015,0.1019976139068603,0.1029982566833496,0.107997179031372,0.09999680519104,0.2,0.2166666666666666,0.2,0.2203389830508474,0.1694915254237288,0.2203389830508474,0.1186440677966101,0.1694915254237288,0.2033898305084746,0.1525423728813559,0.373358348968105,0.3470919324577861,0.3564727954971857,0.3745318352059925,0.3745318352059925,0.3595505617977528,0.3445692883895131,0.3689138576779026,0.3651685393258427,0.3464419475655431,-0.2555555555555555,-0.2583333333333333,-0.2583333333333333,-0.2655367231638418,-0.2740112994350282,-0.2655367231638418,-0.2966101694915254,-0.2937853107344633,-0.2655367231638418,-0.2824858757062147,-0.1769856160100062,-0.1810506566604127,-0.182614133833646,-0.1816479400749063,-0.180087390761548,-0.1872659176029962,-0.1863295880149812,-0.1785268414481897,-0.1866416978776529,-0.1872659176029962,0.4832699056634147,0.4770917191969823,0.4605483151291719,0.4563722775932077,0.4887367454799305,0.5033398163832946,0.5061891492925975,0.4521039122643244,0.5021131183631184,0.5023051923660443,0.6743620518599899,0.6647370085336651,0.6686594804836331,0.6700913014572111,0.6676631034836743,0.6585563819910786,0.6407016472860034,0.6650300347539516,0.6556822419829739,0.6485695273618229
stacking_with_f_tests-alpha=0.75,scene,0.1079986095428466,0.1089987754821777,0.110999584197998,0.11899995803833,0.1189994812011718,0.1249971389770507,0.1179978847503662,0.1109988689422607,0.1099984645843505,0.1180009841918945,3.033998966217041,3.0520007610321045,3.0509986877441406,3.0749995708465576,2.855000257492065,2.7700023651123047,2.975998878479004,2.9350008964538574,2.6449997425079346,2.4670000076293945,0.3112033195020747,0.6804979253112033,0.7219917012448133,0.4730290456431535,0.6182572614107884,0.3983402489626556,0.5809128630705395,0.725,0.4625,0.6666666666666666,0.7590027700831025,0.7543859649122807,0.7437673130193906,0.7488457987072945,0.7580794090489381,0.7553093259464451,0.7469990766389658,0.7411167512690355,0.7544993077988001,0.7618827872634979,-0.2282157676348547,-0.0995850622406639,-0.0705394190871369,-0.156984785615491,-0.1106500691562932,-0.1784232365145228,-0.1300138312586445,-0.0631944444444444,-0.1520833333333333,-0.1055555555555555,-0.0668667282240689,-0.0674053554939981,-0.0687903970452446,-0.0667897814712219,-0.062096029547553,-0.0667128347183748,-0.0706371191135734,-0.0726811259806183,-0.067143516382095,-0.0631441316720504,0.2328119271946108,0.3276662950575994,0.3231359210350806,0.2367374068271376,0.2325863678804855,0.2918387264815836,0.3039273617141919,0.339616549822306,0.2377855000148504,0.2982995882791137,0.8044848238806045,0.8199232080092878,0.8185309006914356,0.8009190884027424,0.8139278184535427,0.8010085700347975,0.8024447464417325,0.8080334777258694,0.8028669821354503,0.8124938280207825
classifier_chain_with_f_test_ordering-ascending_chain=False,birds,0.5269975662231445,0.1890020370483398,0.5460004806518555,0.5490007400512695,0.5059990882873535,0.7129960060119629,0.6989977359771729,0.7109999656677246,0.54099440574646,0.4665091037750244,0.1150028705596923,0.0,0.1159980297088623,0.115999698638916,0.1149990558624267,0.1200027465820312,0.1160037517547607,0.1159980297088623,0.1129994392395019,0.1040308475494384,0.4769230769230769,,0.4923076923076923,0.3692307692307692,0.5384615384615384,0.59375,0.453125,0.4375,0.5,0.375,0.4982758620689655,,0.493103448275862,0.503448275862069,0.4879310344827586,0.4888123924268502,0.4991394148020654,0.4991394148020654,0.4905335628227194,0.5129087779690189,-0.0518218623481781,,-0.0550607287449392,-0.0631578947368421,-0.0534412955465587,-0.037828947368421,-0.053453947368421,-0.0657894736842105,-0.0567434210526315,-0.0674342105263157,-0.0496370235934664,,-0.0490018148820326,-0.049092558983666,-0.05,-0.0504574689736389,-0.0495515898179182,-0.0486457106621976,-0.0499139414802065,-0.0481927710843373,0.0570175438596491,,0.0456140350877193,0.0508771929824561,0.097953216374269,0.0891812865497076,0.0526315789473684,0.0337381916329284,0.0494505494505494,0.0204678362573099,0.141198257097792,,0.1437824672406222,0.1393644110255949,0.1138691790437218,0.1587360374153705,0.1296446308865183,0.1383478145734026,0.1247143917372484,0.1489105068720451
classifier_chain_with_f_test_ordering-ascending_chain=False,emotions,0.1210002899169921,0.1179971694946289,0.1129999160766601,0.1229996681213378,0.1289992332458496,0.1299993991851806,0.1279983520507812,0.1239988803863525,0.110999584197998,0.1099960803985595,0.0329995155334472,0.03300142288208,0.0309975147247314,0.0300006866455078,0.030001163482666,0.030001163482666,0.0310032367706298,0.030001163482666,0.0280003547668457,0.029001235961914,0.2,0.2166666666666666,0.1833333333333333,0.2203389830508474,0.1694915254237288,0.2372881355932203,0.1016949152542373,0.1525423728813559,0.2033898305084746,0.1525423728813559,0.3752345215759849,0.3470919324577861,0.350844277673546,0.3707865168539326,0.3726591760299625,0.3576779026217228,0.3408239700374532,0.3576779026217228,0.3632958801498127,0.3389513108614232,-0.2527777777777777,-0.2555555555555555,-0.2583333333333333,-0.268361581920904,-0.2740112994350282,-0.2570621468926554,-0.2966101694915254,-0.2966101694915254,-0.2655367231638418,-0.2824858757062147,-0.1797998749218261,-0.1823014383989993,-0.1848030018761726,-0.1825842696629213,-0.1807116104868913,-0.1872659176029962,-0.1860174781523096,-0.1822721598002497,-0.1869538077403246,-0.1878901373283395,0.4859154083089174,0.4826288177573367,0.4574213607827053,0.4416870299240892,0.4887367454799305,0.5132965263400046,0.509628302731751,0.4375125257883878,0.4966664952694364,0.5023051923660443,0.6682264847627098,0.663275451912938,0.6639801104137737,0.6680971092201796,0.6672396583051668,0.6560989596655571,0.6402113746977345,0.6577323625169708,0.6540236594336779,0.6484315741190531
classifier_chain_with_f_test_ordering-ascending_chain=False,scene,0.5729992389678955,0.6069982051849365,0.5780017375946045,0.6099984645843506,0.5725109577178955,0.59151291847229,0.5735118389129639,0.5795111656188965,0.5471198558807373,0.5369994640350342,0.2270083427429199,0.246999979019165,0.2259974479675293,0.2220005989074707,0.2130000591278076,0.2129991054534912,0.2230019569396972,0.2260010242462158,0.1879699230194091,0.1860010623931884,0.3983402489626556,0.7136929460580913,0.7676348547717843,0.5228215767634855,0.6514522821576764,0.4688796680497925,0.5892116182572614,0.7708333333333334,0.5291666666666667,0.6666666666666666,0.7793167128347184,0.7636195752539243,0.7673130193905817,0.7663896583564174,0.7691597414589104,0.775623268698061,0.7580794090489381,0.7623442547300415,0.7651130595293032,0.7706506691278265,-0.1998616874135546,-0.0899031811894882,-0.0622406639004149,-0.148686030428769,-0.1099585062240663,-0.1659751037344398,-0.1258644536652835,-0.0569444444444444,-0.1375,-0.1083333333333333,-0.0630193905817174,-0.0662511542012927,-0.0659433671899045,-0.0654047399199753,-0.064558325638658,-0.0647891658971991,-0.0693290243151739,-0.0682202738040301,-0.0672973388709429,-0.0639132441162898,0.2516473037337198,0.3402393500219587,0.3274702939337086,0.238063063063063,0.199476650563607,0.302827868852459,0.2835272665949956,0.3430185633575464,0.2427138490679753,0.304185883348294,0.8130467320796889,0.8185996202298492,0.8217682198349987,0.8028204849716561,0.805406648273688,0.8091727779831652,0.8012440870295929,0.8128404722580264,0.8013150490035393,0.8098272678167678
classifier_chain_with_f_test_ordering-ascending_chain=True,birds,0.5049993991851807,0.4920017719268799,0.4969971179962158,0.5219991207122803,0.5920007228851318,0.5710012912750244,0.5739984512329102,0.5559995174407959,0.4779999256134033,0.460029125213623,0.1210031509399414,0.1179995536804199,0.1139981746673584,0.1149992942810058,0.1219985485076904,0.1169986724853515,0.1250011920928955,0.1230018138885498,0.1049981117248535,0.1049704551696777,0.4769230769230769,0.3692307692307692,0.4923076923076923,0.3692307692307692,0.5384615384615384,0.59375,0.453125,0.4375,0.5,0.375,0.4982758620689655,0.5103448275862069,0.493103448275862,0.503448275862069,0.4879310344827586,0.4888123924268502,0.4991394148020654,0.4991394148020654,0.4905335628227194,0.5129087779690189,-0.0518218623481781,-0.0728744939271255,-0.0550607287449392,-0.0631578947368421,-0.0534412955465587,-0.037828947368421,-0.053453947368421,-0.0657894736842105,-0.0567434210526315,-0.0674342105263157,-0.0496370235934664,-0.0478221415607985,-0.0490018148820326,-0.049092558983666,-0.05,-0.0504574689736389,-0.0495515898179182,-0.0486457106621976,-0.0499139414802065,-0.0481927710843373,0.0570175438596491,0.0397045244690674,0.0456140350877193,0.0508771929824561,0.097953216374269,0.0891812865497076,0.0526315789473684,0.0337381916329284,0.0494505494505494,0.0204678362573099,0.141198257097792,0.1359326797080388,0.1437824672406222,0.1393644110255949,0.1138691790437218,0.1587360374153705,0.1296446308865183,0.1383478145734026,0.1247143917372484,0.1489105068720451
classifier_chain_with_f_test_ordering-ascending_chain=True,emotions,0.1129992008209228,0.1109981536865234,0.1289999485015869,0.1150000095367431,0.1199982166290283,0.1179986000061035,0.1149971485137939,0.1149971485137939,0.1069974899291992,0.1059992313385009,0.031998872756958,0.0300014019012451,0.0330004692077636,0.0319986343383789,0.0330026149749755,0.0340018272399902,0.0320007801055908,0.03300142288208,0.0290005207061767,0.0299994945526123,0.2,0.2,0.1833333333333333,0.2203389830508474,0.1694915254237288,0.2203389830508474,0.1016949152542373,0.1694915254237288,0.2033898305084746,0.1525423728813559,0.373358348968105,0.3433395872420263,0.3564727954971857,0.3689138576779026,0.3764044943820224,0.3614232209737827,0.3426966292134831,0.3632958801498127,0.3595505617977528,0.3464419475655431,-0.25,-0.2666666666666666,-0.2666666666666666,-0.268361581920904,-0.2711864406779661,-0.2598870056497175,-0.2909604519774011,-0.2966101694915254,-0.2655367231638418,-0.2796610169491525,-0.1797998749218261,-0.1810506566604127,-0.1823014383989993,-0.1822721598002497,-0.1788389513108614,-0.1866416978776529,-0.1869538077403246,-0.1794631710362047,-0.1866416978776529,-0.1866416978776529,0.4881376305311397,0.4644109518966497,0.4363052526210421,0.4435789375687508,0.4923655930303467,0.507740970784449,0.5203945196525596,0.4357411411647112,0.5006615933086521,0.5041991317599838,0.6669167157434419,0.6638752672174252,0.6657645741541256,0.6656253001601579,0.6698558720518769,0.6575756066669651,0.6393354036418878,0.6636066562913979,0.6513167434187447,0.6485993991422064
classifier_chain_with_f_test_ordering-ascending_chain=True,scene,0.5900020599365234,0.5590014457702637,0.5960001945495605,0.5870003700256348,0.5739984512329102,0.5790004730224609,0.5639991760253906,0.584998369216919,0.5369980335235596,0.531996488571167,0.2279980182647705,0.2219984531402588,0.2290005683898925,0.222999095916748,0.2079980373382568,0.2049992084503173,0.2150003910064697,0.2340002059936523,0.1899993419647216,0.1870012283325195,0.3568464730290456,0.7012448132780082,0.7302904564315352,0.4232365145228215,0.6307053941908713,0.4688796680497925,0.5850622406639004,0.7291666666666666,0.475,0.6541666666666667,0.7682363804247461,0.7580794090489381,0.7585410895660203,0.7636195752539243,0.7765466297322253,0.7710064635272391,0.7539242843951985,0.7526534379326257,0.7572681125980618,0.7761882787263498,-0.2136929460580912,-0.0919778699861687,-0.0767634854771784,-0.1832641770401106,-0.1161825726141078,-0.1673582295988935,-0.1293222683264177,-0.0715277777777777,-0.1673611111111111,-0.1125,-0.06709756848261,-0.0689442905509387,-0.0693290243151739,-0.0677131425053862,-0.0615574022776238,-0.0664050477069867,-0.0707140658664204,-0.0721427472696508,-0.0699892324257806,-0.0619135517612675,0.2330336052473172,0.3431903953643083,0.3202225733735743,0.22002442002442,0.1961025137148939,0.3151529642100631,0.2880196148188638,0.3274552182598159,0.2255569831995927,0.2857518641592896,0.804273815376653,0.8122007817137554,0.8162831987870183,0.7953560766059296,0.815417350851773,0.8054811608388514,0.7974918567494435,0.804994167989529,0.7947011219074643,0.8157947883653227
classifier_chain_with_lop-num_generations=10,birds,4.061996936798096,4.016997575759888,4.048974990844727,4.0589988231658936,3.773000478744507,3.82200026512146,3.7709999084472656,3.81000018119812,3.55199670791626,3.519996404647827,0.1470005512237548,0.1480002403259277,0.1349997520446777,0.1570010185241699,0.1169991493225097,0.115999698638916,0.1209993362426757,0.1159999370574951,0.1049990653991699,0.1050007343292236,0.4769230769230769,0.3692307692307692,0.4923076923076923,0.3692307692307692,0.5384615384615384,0.59375,0.453125,0.4375,0.5,0.375,0.4982758620689655,0.5103448275862069,0.493103448275862,0.503448275862069,0.4879310344827586,0.4888123924268502,0.4991394148020654,0.4991394148020654,0.4905335628227194,0.5129087779690189,-0.0518218623481781,-0.0728744939271255,-0.0550607287449392,-0.0631578947368421,-0.0534412955465587,-0.037828947368421,-0.053453947368421,-0.0657894736842105,-0.0567434210526315,-0.0674342105263157,-0.0496370235934664,-0.0478221415607985,-0.0490018148820326,-0.049092558983666,-0.05,-0.0504574689736389,-0.0495515898179182,-0.0486457106621976,-0.0499139414802065,-0.0481927710843373,0.0570175438596491,0.0397045244690674,0.0456140350877193,0.0508771929824561,0.097953216374269,0.0891812865497076,0.0526315789473684,0.0337381916329284,0.0494505494505494,0.0204678362573099,0.141198257097792,0.1359326797080388,0.1437824672406222,0.1393644110255949,0.1138691790437218,0.1587360374153705,0.1296446308865183,0.1383478145734026,0.1247143917372484,0.1489105068720451
classifier_chain_with_lop-num_generations=10,emotions,0.7129993438720703,0.777998685836792,0.7939965724945068,0.7539987564086914,0.9570012092590332,0.9299848079681396,0.9720005989074708,1.0149950981140137,0.6860291957855225,0.6539983749389648,0.0369987487792968,0.0340008735656738,0.0330007076263427,0.0370008945465087,0.0339992046356201,0.0340006351470947,0.0349974632263183,0.0369994640350341,0.0289995670318603,0.0310249328613281,0.2,0.2,0.2,0.2203389830508474,0.1694915254237288,0.2203389830508474,0.1016949152542373,0.1525423728813559,0.2033898305084746,0.1525423728813559,0.3696060037523452,0.3395872420262664,0.348968105065666,0.3726591760299625,0.3801498127340824,0.3576779026217228,0.3426966292134831,0.3632958801498127,0.3745318352059925,0.3445692883895131,-0.2527777777777777,-0.2611111111111111,-0.2583333333333333,-0.2740112994350282,-0.2711864406779661,-0.2598870056497175,-0.2966101694915254,-0.2994350282485876,-0.2627118644067797,-0.2796610169491525,-0.1782363977485928,-0.1832395247029393,-0.1848030018761726,-0.1816479400749063,-0.179151061173533,-0.1875780274656679,-0.1872659176029962,-0.1813358302122347,-0.1847690387016229,-0.1882022471910112,0.485492127885637,0.4698316181868813,0.4574213607827053,0.4381103710475527,0.4923655930303467,0.507740970784449,0.5116754989636345,0.4310628526720481,0.5055447003976415,0.5041991317599838,0.6701037380550936,0.6611486190975261,0.6636478988953423,0.6684947930162393,0.6693251250440534,0.655330117831375,0.6391579182019341,0.658916173440452,0.6581366970647776,0.6465731392220886
classifier_chain_with_lop-num_generations=10,scene,1.3220014572143557,1.329000473022461,1.325000286102295,1.318000316619873,1.4559996128082275,1.4509985446929932,1.4719998836517334,1.484999418258667,1.313998460769653,1.2719995975494385,0.2389984130859375,0.233999490737915,0.2390038967132568,0.235999584197998,0.2180001735687255,0.2089986801147461,0.2229986190795898,0.232999563217163,0.1919996738433838,0.1879992485046386,0.2946058091286307,0.6680497925311203,0.7012448132780082,0.4315352697095436,0.5726141078838174,0.3734439834024896,0.5726141078838174,0.7208333333333333,0.4708333333333333,0.6416666666666667,0.765466297322253,0.7562326869806094,0.7594644506001846,0.7645429362880887,0.7677746999076639,0.7599261311172668,0.7437673130193906,0.7406552838024919,0.7577295800646054,0.774803876326719,-0.2365145228215767,-0.1016597510373444,-0.0829875518672199,-0.1825726141078838,-0.136237897648686,-0.1991701244813278,-0.1300138312586445,-0.0743055555555555,-0.1652777777777777,-0.1152777777777777,-0.0678670360110803,-0.0688673437980917,-0.0691751308094798,-0.0673284087411511,-0.0644044321329639,-0.0707140658664204,-0.0736380424746075,-0.0750653745577603,-0.0691432087371173,-0.0629133979387786,0.2322798869925306,0.323474945533769,0.3100728800936269,0.2229229707490577,0.2156565656565656,0.2645474999940302,0.3134636497012538,0.327678494345161,0.2252929292929293,0.2929888650997266,0.7972208860806683,0.8105946071868538,0.8159092098106506,0.7961882666208872,0.808920635011019,0.7862858507893864,0.789100064607629,0.7968591943115237,0.7972723869791206,0.8142563294987185
classifier_chain_with_lop-num_generations=25,birds,7.323025465011597,7.421027421951294,7.312028169631958,7.371026277542114,7.232058763504028,7.245058298110962,7.19305682182312,7.16705846786499,6.7739973068237305,6.747996091842651,0.1389977931976318,0.1459989547729492,0.1490015983581543,0.1719996929168701,0.1169984340667724,0.1180005073547363,0.1139998435974121,0.1170010566711425,0.1040012836456298,0.1040008068084716,0.4769230769230769,0.3692307692307692,0.4923076923076923,0.3692307692307692,0.5384615384615384,0.59375,0.453125,0.4375,0.5,0.375,0.4982758620689655,0.5103448275862069,0.493103448275862,0.503448275862069,0.4879310344827586,0.4888123924268502,0.4991394148020654,0.4991394148020654,0.4905335628227194,0.5129087779690189,-0.0518218623481781,-0.0728744939271255,-0.0550607287449392,-0.0631578947368421,-0.0534412955465587,-0.037828947368421,-0.053453947368421,-0.0657894736842105,-0.0567434210526315,-0.0674342105263157,-0.0496370235934664,-0.0478221415607985,-0.0490018148820326,-0.049092558983666,-0.05,-0.0504574689736389,-0.0495515898179182,-0.0486457106621976,-0.0499139414802065,-0.0481927710843373,0.0570175438596491,0.0397045244690674,0.0456140350877193,0.0508771929824561,0.097953216374269,0.0891812865497076,0.0526315789473684,0.0337381916329284,0.0494505494505494,0.0204678362573099,0.141198257097792,0.1359326797080388,0.1437824672406222,0.1393644110255949,0.1138691790437218,0.1587360374153705,0.1296446308865183,0.1383478145734026,0.1247143917372484,0.1489105068720451
classifier_chain_with_lop-num_generations=25,emotions,1.6799983978271484,1.6749980449676514,1.6419990062713623,1.665999174118042,1.5770328044891355,1.4620296955108645,1.4960308074951172,1.3910284042358398,1.4279987812042236,1.4049961566925049,0.0380003452301025,0.0440027713775634,0.040001630783081,0.0410032272338867,0.0299983024597167,0.0310010910034179,0.0310018062591552,0.031996726989746,0.0329992771148681,0.0289986133575439,0.2,0.2,0.2,0.2203389830508474,0.1694915254237288,0.2203389830508474,0.1016949152542373,0.1694915254237288,0.2033898305084746,0.1525423728813559,0.3696060037523452,0.3377110694183864,0.348968105065666,0.3745318352059925,0.3801498127340824,0.3595505617977528,0.3408239700374532,0.3632958801498127,0.3745318352059925,0.3464419475655431,-0.2527777777777777,-0.2611111111111111,-0.2583333333333333,-0.2711864406779661,-0.2711864406779661,-0.2655367231638418,-0.2966101694915254,-0.2994350282485876,-0.2627118644067797,-0.2796610169491525,-0.1785490931832395,-0.1838649155722326,-0.1848030018761726,-0.1816479400749063,-0.179151061173533,-0.1872659176029962,-0.1872659176029962,-0.1797752808988764,-0.1847690387016229,-0.1875780274656679,0.485492127885637,0.4698316181868813,0.4574213607827053,0.4400070045231335,0.4923655930303467,0.4993715624150407,0.5116754989636345,0.4295770823690735,0.5055447003976415,0.5041991317599838,0.6708936058412749,0.659953875967299,0.6636478988953423,0.667180372238018,0.6693251250440534,0.6590728721451098,0.637908333650936,0.6627919596283763,0.6581366970647776,0.6476461329609391
classifier_chain_with_lop-num_generations=25,scene,2.1989986896514893,2.3170006275177,2.272000551223755,2.3129982948303223,1.9939970970153809,1.9649958610534668,1.909998893737793,2.0309979915618896,1.7629985809326172,1.8069965839385984,0.2895102500915527,0.2345120906829834,0.2615108489990234,0.2615118026733398,0.2230019569396972,0.2130002975463867,0.2249999046325683,0.2399988174438476,0.1870303153991699,0.1919996738433838,0.2946058091286307,0.6680497925311203,0.7012448132780082,0.4315352697095436,0.5726141078838174,0.3734439834024896,0.5726141078838174,0.7208333333333333,0.4708333333333333,0.6416666666666667,0.7613111726685133,0.7483841181902123,0.752539242843952,0.7622345337026778,0.7659279778393352,0.7599261311172668,0.7437673130193906,0.7406552838024919,0.7572681125980618,0.774803876326719,-0.2344398340248962,-0.1016597510373444,-0.0816044260027662,-0.1804979253112033,-0.1369294605809128,-0.1991701244813278,-0.1300138312586445,-0.0743055555555555,-0.1673611111111111,-0.1152777777777777,-0.0693290243151739,-0.0714065866420437,-0.0714065866420437,-0.0677900892582333,-0.0648661126500461,-0.0707140658664204,-0.0736380424746075,-0.0750653745577603,-0.0699892324257806,-0.0629133979387786,0.2369589615966427,0.323474945533769,0.3094631239960659,0.2229229707490577,0.2156565656565656,0.2645474999940302,0.3134636497012538,0.327678494345161,0.2252929292929293,0.2929888650997266,0.7940335661206812,0.8043963451810057,0.8105980824113349,0.7943212869162699,0.8076557988277391,0.7862858507893864,0.789100064607629,0.7968591943115237,0.7962638686760503,0.8142563294987185
classifier_chain_with_lop-num_generations=50,birds,12.80408763885498,12.940088033676147,12.996085405349731,12.950087785720823,12.968998432159424,13.026997327804564,12.964999437332152,13.058001041412354,12.064021825790403,12.035029649734495,0.1140010356903076,0.1169977188110351,0.1139988899230957,0.1170008182525634,0.1440019607543945,0.1150000095367431,0.1140010356903076,0.1129987239837646,0.1040096282958984,0.1039721965789794,0.4769230769230769,0.3692307692307692,0.4923076923076923,0.3692307692307692,0.5384615384615384,0.59375,0.453125,0.4375,0.5,0.375,0.4982758620689655,0.5103448275862069,0.493103448275862,0.503448275862069,0.4879310344827586,0.4888123924268502,0.4991394148020654,0.4991394148020654,0.4905335628227194,0.5129087779690189,-0.0518218623481781,-0.0728744939271255,-0.0550607287449392,-0.0631578947368421,-0.0534412955465587,-0.037828947368421,-0.053453947368421,-0.0657894736842105,-0.0567434210526315,-0.0674342105263157,-0.0496370235934664,-0.0478221415607985,-0.0490018148820326,-0.049092558983666,-0.05,-0.0504574689736389,-0.0495515898179182,-0.0486457106621976,-0.0499139414802065,-0.0481927710843373,0.0570175438596491,0.0397045244690674,0.0456140350877193,0.0508771929824561,0.097953216374269,0.0891812865497076,0.0526315789473684,0.0337381916329284,0.0494505494505494,0.0204678362573099,0.141198257097792,0.1359326797080388,0.1437824672406222,0.1393644110255949,0.1138691790437218,0.1587360374153705,0.1296446308865183,0.1383478145734026,0.1247143917372484,0.1489105068720451
classifier_chain_with_lop-num_generations=50,emotions,2.958034038543701,2.9290332794189453,2.825035333633423,3.010035276412964,2.6880011558532715,2.640998363494873,2.6739988327026367,2.803999662399292,2.4710206985473637,2.424023389816284,0.0309994220733642,0.0360000133514404,0.0300004482269287,0.0300023555755615,0.030001163482666,0.0319983959197998,0.0349984169006347,0.0399997234344482,0.0289785861968994,0.0289762020111084,0.2,0.2,0.2,0.2203389830508474,0.1694915254237288,0.2203389830508474,0.1016949152542373,0.1694915254237288,0.2033898305084746,0.1525423728813559,0.3696060037523452,0.3377110694183864,0.3470919324577861,0.3726591760299625,0.3801498127340824,0.3576779026217228,0.3426966292134831,0.3651685393258427,0.3745318352059925,0.3464419475655431,-0.2527777777777777,-0.2638888888888889,-0.2583333333333333,-0.2711864406779661,-0.2711864406779661,-0.2655367231638418,-0.2966101694915254,-0.2994350282485876,-0.2627118644067797,-0.2796610169491525,-0.1785490931832395,-0.183552220137586,-0.1851156973108192,-0.181960049937578,-0.179151061173533,-0.1878901373283395,-0.1872659176029962,-0.1807116104868913,-0.1841448189762796,-0.1875780274656679,0.485492127885637,0.4691728566585545,0.4574213607827053,0.4400070045231335,0.4923655930303467,0.4993715624150407,0.5116754989636345,0.4295770823690735,0.5093732193732194,0.5041991317599838,0.6708936058412749,0.6601176643602887,0.6628598287111584,0.6678185499789787,0.6693251250440534,0.6572309040301118,0.6391579182019341,0.6613504135528218,0.6591143830050656,0.6476461329609391
classifier_chain_with_lop-num_generations=50,scene,3.5749993324279785,3.5460011959075928,3.4660003185272217,3.545997381210327,3.2260000705718994,3.156998634338379,3.234001398086548,3.083998680114746,2.9010016918182373,2.950998306274414,0.2170002460479736,0.2239997386932373,0.2240006923675537,0.2150006294250488,0.2139999866485595,0.2009994983673095,0.223996877670288,0.2110004425048828,0.1940224170684814,0.1950242519378662,0.2946058091286307,0.6680497925311203,0.7012448132780082,0.4315352697095436,0.5726141078838174,0.3734439834024896,0.5726141078838174,0.7208333333333333,0.4708333333333333,0.6416666666666667,0.765466297322253,0.7483841181902123,0.752539242843952,0.7645429362880887,0.7659279778393352,0.7599261311172668,0.7437673130193906,0.7406552838024919,0.7581910475311491,0.7738809413936317,-0.2365145228215767,-0.1016597510373444,-0.0816044260027662,-0.1825726141078838,-0.1369294605809128,-0.1991701244813278,-0.1300138312586445,-0.0743055555555555,-0.1673611111111111,-0.1159722222222222,-0.0678670360110803,-0.0714065866420437,-0.0714065866420437,-0.0673284087411511,-0.0648661126500461,-0.0707140658664204,-0.0736380424746075,-0.0750653745577603,-0.0697584986925088,-0.0632979541608983,0.2322798869925306,0.323474945533769,0.3094631239960659,0.2229229707490577,0.2156565656565656,0.2645474999940302,0.3134636497012538,0.327678494345161,0.2252929292929293,0.2824486806464987,0.7972208860806683,0.8043963451810057,0.8105980824113349,0.7961882666208872,0.8076557988277391,0.7862858507893864,0.789100064607629,0.7968591943115237,0.7969965028154379,0.8134811136399565
partial_classifier_chain_with_lop-num_generations=10,birds,7.7940919399261475,7.591092824935913,7.478540658950806,7.603543043136597,7.476997137069702,7.427000999450684,7.31800103187561,7.166999340057373,5.299998760223389,5.39700174331665,0.2930021286010742,0.292999267578125,0.17500019073486328,0.18400168418884277,0.17200064659118652,0.1699984073638916,0.15900206565856934,0.1699974536895752,0.12599921226501465,0.12799882888793945,0.47692307692307695,0.36923076923076925,0.49230769230769234,0.36923076923076925,0.5384615384615384,0.59375,0.453125,0.4375,0.5,0.375,0.4982758620689655,0.5103448275862069,0.49310344827586206,0.503448275862069,0.4879310344827586,0.48881239242685026,0.4991394148020654,0.4991394148020654,0.4905335628227194,0.5129087779690189,-0.051821862348178135,-0.0728744939271255,-0.05506072874493927,-0.06315789473684211,-0.05344129554655871,-0.03782894736842105,-0.05345394736842105,-0.06578947368421052,-0.05674342105263158,-0.06743421052631579,-0.049637023593466424,-0.047822141560798545,-0.04900181488203267,-0.04909255898366606,-0.05,-0.05045746897363892,-0.04955158981791829,-0.04864571066219766,-0.04991394148020654,-0.04819277108433735,0.05701754385964912,0.03970452446906741,0.0456140350877193,0.05087719298245613,0.09795321637426901,0.0891812865497076,0.05263157894736842,0.03373819163292848,0.049450549450549455,0.020467836257309944,0.14119825709779202,0.13593267970803882,0.14378246724062227,0.13936441102559494,0.1138691790437218,0.15873603741537057,0.1296446308865183,0.13834781457340267,0.12471439173724844,0.1489105068720451
partial_classifier_chain_with_lop-num_generations=10,emotions,1.2089989185333252,1.1609976291656494,1.141998291015625,1.2879993915557861,1.3110642433166504,1.2990648746490479,1.336000919342041,1.2720003128051758,1.001997470855713,1.0219995975494385,0.07600092887878418,0.046000003814697266,0.043000221252441406,0.05700111389160156,0.04700040817260742,0.04399991035461426,0.048998355865478516,0.043000221252441406,0.0429997444152832,0.04200124740600586,0.2,0.21666666666666667,0.2,0.22033898305084745,0.15254237288135594,0.22033898305084745,0.1016949152542373,0.1694915254237288,0.2033898305084746,0.15254237288135594,0.3714821763602251,0.3452157598499062,0.34896810506566606,0.37453183520599254,0.37453183520599254,0.35580524344569286,0.3408239700374532,0.3651685393258427,0.37265917602996257,0.34831460674157305,-0.25,-0.25833333333333336,-0.25833333333333336,-0.2711864406779661,-0.2768361581920904,-0.2655367231638418,-0.2966101694915254,-0.2966101694915254,-0.2627118644067797,-0.2768361581920904,-0.17854909318323953,-0.18230143839899937,-0.18449030644152595,-0.18071161048689138,-0.17946317103620474,-0.18726591760299627,-0.18664169787765295,-0.1797752808988764,-0.183832709113608,-0.18570536828963796,0.4943043884220355,0.4819700562290099,0.45742136078270534,0.4400070045231335,0.4808936082250286,0.4993715624150407,0.5116754989636345,0.4400234261487506,0.5093732193732194,0.510921820835614,0.6688834067874952,0.6623497191650859,0.6641841858160972,0.6698448194564838,0.6681807428860475,0.6583547823560386,0.6394587212478352,0.6627919596283763,0.6587082602672353,0.6500636877450461
partial_classifier_chain_with_lop-num_generations=10,scene,1.9959990978240967,1.9489991664886475,1.9879889488220215,2.022000312805176,2.334000587463379,2.286998987197876,2.3040006160736084,2.3289999961853027,1.615997076034546,1.6299991607666016,0.31099843978881836,0.28600096702575684,0.29399895668029785,0.2929997444152832,0.28100061416625977,0.3150005340576172,0.2879984378814697,0.30299949645996094,0.22899961471557617,0.2219994068145752,0.2946058091286307,0.6680497925311203,0.6929460580912863,0.4190871369294606,0.5684647302904564,0.37344398340248963,0.5726141078838174,0.7125,0.4583333333333333,0.65,0.7673130193905817,0.7566943674976916,0.7576177285318559,0.7562326869806094,0.7645429362880887,0.7659279778393352,0.7516158818097877,0.7494231656668204,0.751269035532995,0.7669589293954776,-0.2351313969571231,-0.1016597510373444,-0.08229598893499308,-0.17911479944674966,-0.13485477178423236,-0.1970954356846473,-0.12793914246196403,-0.07430555555555556,-0.16666666666666666,-0.1111111111111111,-0.0664819944598338,-0.06771314250538628,-0.06871345029239766,-0.06832871652816251,-0.06286549707602339,-0.06786703601108034,-0.07017543859649122,-0.07129672358098754,-0.06952776495923704,-0.06337486540532226,0.23313224620105422,0.32347494553376904,0.31087897013822935,0.22002442002442005,0.2212121212121212,0.26254554888965426,0.30202200210399976,0.32535770281074455,0.22510939353044615,0.29019220358759007,0.8006049124981812,0.8131967693565127,0.8170417808896607,0.7925688965689003,0.8125071247987505,0.792815151785322,0.7975057685212085,0.805377833976503,0.7935816428198512,0.8128745323656807
partial_classifier_chain_with_lop-num_generations=25,birds,11.191513776779175,11.29951286315918,11.844513416290283,11.344514846801758,11.80099868774414,11.830997467041016,11.489001035690308,11.750997066497803,8.89600133895874,8.827996730804443,0.20299911499023438,0.2160015106201172,0.17000055313110352,0.21399974822998047,0.13400030136108398,0.19701027870178223,0.1700000762939453,0.1659998893737793,0.14800000190734863,0.15000200271606445,0.47692307692307695,0.36923076923076925,0.49230769230769234,0.36923076923076925,0.5384615384615384,0.59375,0.453125,0.4375,0.5,0.375,0.4982758620689655,0.5103448275862069,0.49310344827586206,0.503448275862069,0.4879310344827586,0.48881239242685026,0.4991394148020654,0.4991394148020654,0.4905335628227194,0.5129087779690189,-0.051821862348178135,-0.0728744939271255,-0.05506072874493927,-0.06315789473684211,-0.05344129554655871,-0.03782894736842105,-0.05345394736842105,-0.06578947368421052,-0.05674342105263158,-0.06743421052631579,-0.049637023593466424,-0.047822141560798545,-0.04900181488203267,-0.04909255898366606,-0.05,-0.05045746897363892,-0.04955158981791829,-0.04864571066219766,-0.04991394148020654,-0.04819277108433735,0.05701754385964912,0.03970452446906741,0.0456140350877193,0.05087719298245613,0.09795321637426901,0.0891812865497076,0.05263157894736842,0.03373819163292848,0.049450549450549455,0.020467836257309944,0.14119825709779202,0.13593267970803882,0.14378246724062227,0.13936441102559494,0.1138691790437218,0.15873603741537057,0.1296446308865183,0.13834781457340267,0.12471439173724844,0.1489105068720451
partial_classifier_chain_with_lop-num_generations=25,emotions,2.5729994773864746,2.55999755859375,2.503997564315796,2.6650009155273438,2.2229971885681152,2.3450124263763428,2.2329978942871094,2.2069993019104004,1.7129993438720703,1.7629992961883545,0.04199957847595215,0.04000258445739746,0.04300117492675781,0.04399919509887695,0.04200029373168945,0.04598546028137207,0.03800010681152344,0.0650017261505127,0.03599810600280762,0.03800630569458008,0.2,0.2,0.2,0.22033898305084745,0.15254237288135594,0.22033898305084745,0.1016949152542373,0.1694915254237288,0.2033898305084746,0.15254237288135594,0.3696060037523452,0.3395872420262664,0.3527204502814259,0.37640449438202245,0.37640449438202245,0.35580524344569286,0.3408239700374532,0.3651685393258427,0.37265917602996257,0.3464419475655431,-0.25,-0.2611111111111111,-0.25833333333333336,-0.2711864406779661,-0.2740112994350282,-0.2655367231638418,-0.2966101694915254,-0.2966101694915254,-0.2627118644067797,-0.2796610169491525,-0.17854909318323953,-0.18323952470293933,-0.18386491557223264,-0.18102372034956304,-0.17946317103620474,-0.18726591760299627,-0.18664169787765295,-0.1797752808988764,-0.183832709113608,-0.18664169787765295,0.4943043884220355,0.46983161818688135,0.45742136078270534,0.4400070045231335,0.4913399520047057,0.4993715624150407,0.5116754989636345,0.4400234261487506,0.5055447003976415,0.5041991317599838,0.6708936058412749,0.6611486190975261,0.6658209981539004,0.6694305629321446,0.6682274978919641,0.6577508116928765,0.6394587212478352,0.6627919596283763,0.6583956476880721,0.6487510711715514
partial_classifier_chain_with_lop-num_generations=25,scene,3.216001272201538,3.100001573562622,3.135000705718994,3.2350008487701416,3.010999917984009,3.073000431060791,2.950998067855835,2.865002155303955,2.287997007369995,2.2360005378723145,0.3040008544921875,0.2890005111694336,0.2890000343322754,0.31600356101989746,0.3000013828277588,0.2950000762939453,0.2780001163482666,0.27699804306030273,0.21100378036499023,0.20799732208251953,0.2946058091286307,0.6680497925311203,0.6929460580912863,0.4190871369294606,0.5684647302904564,0.37344398340248963,0.5726141078838174,0.7125,0.4583333333333333,0.65,0.7673130193905817,0.7566943674976916,0.7502308402585411,0.752539242843952,0.7631578947368421,0.7576177285318559,0.7437673130193906,0.7388094139363175,0.7498846331333641,0.7674203968620212,-0.2351313969571231,-0.1016597510373444,-0.08091286307053942,-0.18326417704011064,-0.1334716459197787,-0.19294605809128632,-0.12863070539419086,-0.07569444444444444,-0.16805555555555557,-0.11041666666666666,-0.0664819944598338,-0.06771314250538628,-0.07109879963065559,-0.07040627885503231,-0.06371191135734072,-0.0708679593721145,-0.07256078793474915,-0.07491155206891248,-0.0712198123365636,-0.06306722042762652,0.23313224620105422,0.32347494553376904,0.3102379444972037,0.22002442002442005,0.2212121212121212,0.27526620622897296,0.30202200210399976,0.3261707109408259,0.22510939353044615,0.300732388040818,0.8006049124981812,0.8131967693565127,0.8113875593163492,0.7881377308589474,0.8105690702889442,0.7863529658058606,0.7915881355006079,0.7967979666504456,0.7908451235367577,0.8137155385850172
partial_classifier_chain_with_lop-num_generations=50,birds,19.084030151367188,19.09702706336975,19.314027786254883,19.211030960083008,18.88613724708557,18.956137657165527,19.55113458633423,19.1041362285614,14.734001159667969,14.605997562408447,0.18800091743469238,0.18200135231018066,0.1679990291595459,0.17400002479553223,0.1789989471435547,0.14500117301940918,0.14300107955932617,0.18799805641174316,0.12002158164978027,0.11802411079406738,0.47692307692307695,0.36923076923076925,0.49230769230769234,0.36923076923076925,0.5384615384615384,0.59375,0.453125,0.4375,0.5,0.375,0.4982758620689655,0.5103448275862069,0.49310344827586206,0.503448275862069,0.4879310344827586,0.48881239242685026,0.4991394148020654,0.4991394148020654,0.4905335628227194,0.5129087779690189,-0.051821862348178135,-0.0728744939271255,-0.05506072874493927,-0.06315789473684211,-0.05344129554655871,-0.03782894736842105,-0.05345394736842105,-0.06578947368421052,-0.05674342105263158,-0.06743421052631579,-0.049637023593466424,-0.047822141560798545,-0.04900181488203267,-0.04909255898366606,-0.05,-0.05045746897363892,-0.04955158981791829,-0.04864571066219766,-0.04991394148020654,-0.04819277108433735,0.05701754385964912,0.03970452446906741,0.0456140350877193,0.05087719298245613,0.09795321637426901,0.0891812865497076,0.05263157894736842,0.03373819163292848,0.049450549450549455,0.020467836257309944,0.14119825709779202,0.13593267970803882,0.14378246724062227,0.13936441102559494,0.1138691790437218,0.15873603741537057,0.1296446308865183,0.13834781457340267,0.12471439173724844,0.1489105068720451
partial_classifier_chain_with_lop-num_generations=50,emotions,3.524029016494751,3.5180258750915527,3.4870316982269287,3.479029417037964,3.1389973163604736,3.0789999961853027,3.1375176906585693,3.150510787963867,2.731999397277832,2.7510218620300293,0.038999319076538086,0.03999972343444824,0.03699994087219238,0.03800034523010254,0.04151463508605957,0.03699827194213867,0.041991233825683594,0.04300069808959961,0.03599977493286133,0.035979509353637695,0.2,0.2,0.2,0.22033898305084745,0.15254237288135594,0.22033898305084745,0.1016949152542373,0.15254237288135594,0.2033898305084746,0.15254237288135594,0.3696060037523452,0.3395872420262664,0.3527204502814259,0.37640449438202245,0.37640449438202245,0.35767790262172283,0.3408239700374532,0.36329588014981273,0.37265917602996257,0.3464419475655431,-0.25,-0.2611111111111111,-0.25833333333333336,-0.2711864406779661,-0.2740112994350282,-0.2598870056497175,-0.2966101694915254,-0.2994350282485876,-0.2627118644067797,-0.2796610169491525,-0.17854909318323953,-0.18323952470293933,-0.18386491557223264,-0.18102372034956304,-0.17946317103620474,-0.1869538077403246,-0.18664169787765295,-0.1813358302122347,-0.183832709113608,-0.18664169787765295,0.4943043884220355,0.46983161818688135,0.45742136078270534,0.4400070045231335,0.4913399520047057,0.507740970784449,0.5116754989636345,0.4310628526720481,0.5093732193732194,0.5041991317599838,0.6708936058412749,0.6611486190975261,0.6658209981539004,0.6694305629321446,0.6682274978919641,0.6582939661258039,0.6394587212478352,0.6597319672077876,0.6592850371755392,0.6487510711715514
partial_classifier_chain_with_lop-num_generations=50,scene,3.8169989585876465,3.830000162124634,3.858001708984375,3.881999969482422,3.840034246444702,3.8500332832336426,3.888033390045166,3.9180357456207275,3.4329981803894043,3.5309996604919434,0.24000024795532227,0.23599886894226074,0.2390000820159912,0.23199987411499023,0.2290022373199463,0.2590012550354004,0.27500033378601074,0.24199700355529785,0.2540006637573242,0.21300029754638672,0.2946058091286307,0.6680497925311203,0.6929460580912863,0.4190871369294606,0.5726141078838174,0.37344398340248963,0.5726141078838174,0.7125,0.4583333333333333,0.65,0.7673130193905817,0.7483841181902123,0.7502308402585411,0.752539242843952,0.7650046168051708,0.7622345337026778,0.7437673130193906,0.7388094139363175,0.7521919704660821,0.7674203968620212,-0.2351313969571231,-0.1016597510373444,-0.08091286307053942,-0.18326417704011064,-0.13278008298755187,-0.1970954356846473,-0.12863070539419086,-0.07569444444444444,-0.16805555555555557,-0.11041666666666666,-0.0664819944598338,-0.07040627885503231,-0.07109879963065559,-0.07040627885503231,-0.06332717759310558,-0.06909818405663282,-0.07256078793474915,-0.07491155206891248,-0.07075834487002,-0.06306722042762652,0.23313224620105422,0.32347494553376904,0.3102379444972037,0.22002442002442005,0.22174975562072338,0.2658470451532246,0.30202200210399976,0.3261707109408259,0.22510939353044615,0.300732388040818,0.8006049124981812,0.8066518293329987,0.8113875593163492,0.7881377308589474,0.81162240200958,0.7900102883638019,0.7915881355006079,0.7967979666504456,0.7924895258239756,0.8137155385850172
