model,dataset,fit_time-1:5,fit_time-2:5,fit_time-3:5,fit_time-4:5,fit_time-5:5,score_time-1:5,score_time-2:5,score_time-3:5,score_time-4:5,score_time-5:5,test_accuracy-1:5,test_accuracy-2:5,test_accuracy-3:5,test_accuracy-4:5,test_accuracy-5:5,train_accuracy-1:5,train_accuracy-2:5,train_accuracy-3:5,train_accuracy-4:5,train_accuracy-5:5,test_hamming_loss-1:5,test_hamming_loss-2:5,test_hamming_loss-3:5,test_hamming_loss-4:5,test_hamming_loss-5:5,train_hamming_loss-1:5,train_hamming_loss-2:5,train_hamming_loss-3:5,train_hamming_loss-4:5,train_hamming_loss-5:5,test_f1-1:5,test_f1-2:5,test_f1-3:5,test_f1-4:5,test_f1-5:5,train_f1-1:5,train_f1-2:5,train_f1-3:5,train_f1-4:5,train_f1-5:5
baseline_binary_relevance_model,birds,0.026999711990356445,0.026999711990356445,0.026999950408935547,0.02500009536743164,0.026999711990356445,0.6480650901794434,0.6540651321411133,0.6199994087219238,0.6259994506835938,0.5910277366638184,0.4806201550387597,0.4418604651162791,0.5736434108527132,0.5271317829457365,0.4728682170542636,0.5891472868217055,0.5930232558139535,0.5542635658914729,0.5697674418604651,0.5891472868217055,-0.05467156262749898,-0.05222358221134231,-0.037535699714402286,-0.0416156670746634,-0.049775601795185635,-0.03376172990616075,-0.03478172174622603,-0.03488372093023256,-0.0353937168502652,-0.03345573235414117,0.2756453838299163,0.299122976846355,0.3483815657670681,0.2762827584381977,0.2977598941430229,0.46412507493795646,0.489502012134137,0.46618060298370645,0.4586434929355107,0.4734782116151192
baseline_binary_relevance_model,emotions,0.007001161575317383,0.007000446319580078,0.005999565124511719,0.006000995635986328,0.006997823715209961,0.12299680709838867,0.10799908638000488,0.13799762725830078,0.13399887084960938,0.12000036239624023,0.3025210084033613,0.2857142857142857,0.2857142857142857,0.2542372881355932,0.3050847457627119,0.45569620253164556,0.41561181434599154,0.4388185654008439,0.4357894736842105,0.4442105263157895,-0.20588235294117646,-0.2184873949579832,-0.21428571428571427,-0.23163841807909605,-0.2132768361581921,-0.14064697609001406,-0.1490857946554149,-0.14838255977496484,-0.14385964912280702,-0.15017543859649124,0.5810134592797132,0.5726955594461002,0.6265452226044558,0.623519260098614,0.6349387506855996,0.7588063221995323,0.7426428964992825,0.7390805259437117,0.736684420368556,0.7311336379646746
baseline_binary_relevance_model,scene,0.03500056266784668,0.03099966049194336,0.03599905967712402,0.03800320625305176,0.03199934959411621,5.067030191421509,5.063031435012817,5.051030874252319,4.9920289516448975,3.737539529800415,0.46680497925311204,0.5684647302904564,0.5031185031185031,0.6424116424116424,0.5904365904365905,0.7407792207792208,0.7324675324675325,0.7533748701973001,0.7076843198338525,0.745067497403946,-0.15491009681881052,-0.11203319502074689,-0.1334026334026334,-0.09043659043659044,-0.10914760914760915,-0.06398268398268399,-0.06597402597402598,-0.05996884735202492,-0.07329525787469712,-0.06178608515057113,0.37731696323741554,0.3697879799009159,0.3969250257177437,0.41452507640357567,0.35087186995524533,0.8025256798859232,0.8015350662275752,0.807087461419409,0.7872901772934338,0.8031213878585125
baseline_binary_relevance_model,yeast,0.03699970245361328,0.03699827194213867,0.03599953651428223,0.03899788856506348,0.04400229454040527,4.034998416900635,4.0090014934539795,4.081000328063965,4.059999227523804,3.4590275287628174,0.2334710743801653,0.19834710743801653,0.2111801242236025,0.20910973084886128,0.20082815734989648,0.30574236937403,0.30108639420589756,0.3029989658738366,0.3133402275077559,0.3185108583247156,-0.2032172373081464,-0.20380755608028336,-0.19875776397515527,-0.21665187814256137,-0.2070393374741201,-0.14714359618653464,-0.14847387480600102,-0.14769537597872653,-0.14466686364307874,-0.14776924213325454,0.44429012125270145,0.4306262179113531,0.44628985233980656,0.4064001231791253,0.4051336087052936,0.5483336781690921,0.5456867445906671,0.5507497517401377,0.5535985412403999,0.5468834483874544
baseline_binary_relevance_model,enron,0.09899520874023438,0.10399770736694336,0.09399557113647461,0.09699416160583496,0.10899877548217773,2.4219977855682373,2.7085120677948,2.958512306213379,2.672511100769043,2.4015984535217285,0.017595307917888565,0.01466275659824047,0.058823529411764705,0.052941176470588235,0.03529411764705882,0.10433504775900074,0.16531961792799413,0.15051395007342144,0.14904552129221732,0.15418502202643172,-0.05522049466054335,-0.06833397886349804,-0.06215316315205328,-0.06670366259711431,-0.06598224195338513,-0.04739855544618968,-0.04339206743099552,-0.04475937162330646,-0.04574294184467902,-0.04521652397971906,0.046678380754760204,0.0663798796184015,0.07199898045913135,0.059075446241856705,0.07782048939653115,0.17737212266520863,0.1912631317563691,0.19520540986551793,0.1743492949099878,0.18369908124662748
baseline_binary_relevance_model,genbase,0.1430044174194336,0.145005464553833,0.1309986114501953,0.13300108909606934,0.14699864387512207,6.782536268234253,6.74653434753418,6.610542058944702,6.579542875289917,5.348029613494873,0.9774436090225563,0.9172932330827067,0.9621212121212122,0.9621212121212122,0.8863636363636364,0.9678638941398866,0.9754253308128544,0.969811320754717,0.9641509433962264,0.9641509433962264,-0.001670843776106934,-0.006126427179058758,-0.0014029180695847362,-0.0016835016835016834,-0.005050505050505051,-0.0014002660505496045,-0.0010501995379122034,-0.001397624039133473,-0.0015373864430468203,-0.001607267645003494,0.6055267581132385,0.5196110261244361,0.5740740740740741,0.6502057613168725,0.596879601170789,0.7803325801128017,0.7559877754558003,0.7614193842148939,0.7532491504779908,0.6847474551231792
baseline_binary_relevance_model,medical,0.03000187873840332,0.030001163482666016,0.03999948501586914,0.03799843788146973,0.03400063514709473,0.7459976673126221,0.7389981746673584,0.7209992408752441,0.7319989204406738,0.6909952163696289,0.5255102040816326,0.42857142857142855,0.4489795918367347,0.5076923076923077,0.5230769230769231,0.592071611253197,0.5959079283887468,0.6074168797953964,0.5887611749680716,0.6040868454661558,-0.014512471655328799,-0.01712018140589569,-0.019954648526077097,-0.016866096866096865,-0.015954415954415956,-0.012333049161693662,-0.012020460358056265,-0.011821540210287014,-0.012430821626223925,-0.011976727685539946,0.17708628526789358,0.17468921751542216,0.19084618909180315,0.21101609608855984,0.198656151471673,0.2662113870635059,0.25924748059693514,0.24453451220058928,0.25116884949746765,0.2740709649049214
baseline_stacked_generalization,birds,2.529001474380493,2.488999366760254,2.497999668121338,2.4919986724853516,2.2579987049102783,1.2379961013793945,1.2319962978363037,1.2319960594177246,1.2209980487823486,1.1540319919586182,0.4806201550387597,0.4573643410852713,0.5968992248062015,0.5271317829457365,0.4806201550387597,0.5968992248062015,0.5968992248062015,0.562015503875969,0.5794573643410853,0.5891472868217055,-0.05589555283557732,-0.049775601795185635,-0.03712770297837617,-0.0416156670746634,-0.05018359853121175,-0.032639738882088945,-0.03447572419420645,-0.03437372501019992,-0.03478172174622603,-0.03355773153814769,0.277571696070804,0.3457421551243061,0.3416244869145028,0.29508764073192384,0.2713552503194447,0.46992249326602686,0.4931484916817577,0.46768593114152246,0.46582239573610806,0.4596367810462912
baseline_stacked_generalization,emotions,0.48399949073791504,0.48099684715270996,0.5249974727630615,0.518998384475708,0.41502928733825684,0.22699952125549316,0.23099756240844727,0.2200014591217041,0.21700119972229004,0.20196962356567383,0.3277310924369748,0.25210084033613445,0.31932773109243695,0.2542372881355932,0.2966101694915254,0.46835443037974683,0.4704641350210971,0.47257383966244726,0.47157894736842104,0.4673684210526316,-0.2030812324929972,-0.22829131652661064,-0.19887955182072828,-0.23587570621468926,-0.21610169491525424,-0.13677918424753868,-0.1371308016877637,-0.13783403656821377,-0.14,-0.13894736842105262,0.5941826611420014,0.5691337683820555,0.6561726920422573,0.6271500236682457,0.6413440556295095,0.7686153482272567,0.7671548198285052,0.765432711142178,0.7479510202695318,0.7541710592530751
baseline_stacked_generalization,scene,19.634063720703125,19.494063138961792,19.599063634872437,19.613064527511597,15.074312925338745,9.272000312805176,8.800001621246338,9.174001216888428,9.344000816345215,7.303030967712402,0.470954356846473,0.58298755186722,0.5114345114345115,0.6632016632016632,0.6029106029106029,0.7511688311688312,0.7464935064935065,0.7642782969885774,0.72533748701973,0.7559709241952233,-0.15629322268326418,-0.11168741355463348,-0.13444213444213443,-0.08766458766458766,-0.10845460845460846,-0.0625974025974026,-0.06484848484848485,-0.05901696088611977,-0.0712184146763586,-0.06066112841813776,0.3810006336044606,0.37538502865329515,0.39769773366732736,0.4261719055553444,0.3540553970344357,0.8085166443123978,0.808327722538246,0.8122695417518292,0.7972499503512952,0.8071722643884746
baseline_stacked_generalization,yeast,16.043996810913086,16.24399995803833,16.138998985290527,16.22900152206421,13.739017724990845,7.653045654296875,7.603046178817749,7.601045608520508,7.706042528152466,6.960968255996704,0.2396694214876033,0.2128099173553719,0.22153209109730848,0.22153209109730848,0.2070393374741201,0.3295395757889291,0.330574236937403,0.3407445708376422,0.34488107549120994,0.34953464322647365,-0.2067591499409681,-0.2067591499409681,-0.20600414078674947,-0.2178349600709849,-0.2105885832593907,-0.14318971251200946,-0.1426723819377725,-0.14119515438026298,-0.13923770128527108,-0.14016102821687104,0.4411660474004381,0.4354910391949977,0.4334195772105215,0.40813112620855396,0.39733551321160554,0.5507633646217867,0.5621048297855872,0.5595537900829912,0.5685479723588384,0.5702527917916782
baseline_stacked_generalization,enron,10.994540214538574,10.044509172439575,9.795510053634644,10.634540796279907,9.557270526885986,4.999032974243164,5.565033674240112,6.08906364440918,5.570030212402344,4.932030439376831,0.0469208211143695,0.017595307917888565,0.061764705882352944,0.06470588235294118,0.04411764705882353,0.10286554004408523,0.1763409257898604,0.16079295154185022,0.15345080763582966,0.17547723935389134,-0.054777845404747415,-0.068555303491396,-0.06204217536071032,-0.06692563817980023,-0.06736958934517204,-0.047273785923225155,-0.04314252838506647,-0.04484249023356329,-0.045382761200232734,-0.04489790264040119,0.0491382447625438,0.06728609042391567,0.0744878049943337,0.06026821837705482,0.07928360870844457,0.17547358171689348,0.19503247998569492,0.19546596741086578,0.17351739420712947,0.1805678792983893
baseline_stacked_generalization,genbase,26.21058201789856,26.455580711364746,26.47858238220215,25.525582790374756,20.430034399032593,13.283027172088623,13.004026412963867,13.085026741027832,13.128026008605957,10.635995388031006,0.9774436090225563,0.9172932330827067,0.9621212121212122,0.9621212121212122,0.8863636363636364,0.9678638941398866,0.9754253308128544,0.969811320754717,0.9641509433962264,0.9641509433962264,-0.001670843776106934,-0.006126427179058758,-0.0014029180695847362,-0.0016835016835016834,-0.005050505050505051,-0.0014002660505496045,-0.0010501995379122034,-0.001397624039133473,-0.0015373864430468203,-0.001607267645003494,0.6055267581132385,0.5196110261244361,0.5740740740740741,0.6502057613168725,0.596879601170789,0.7803325801128017,0.7559877754558003,0.7614193842148939,0.7532491504779908,0.6847474551231792
baseline_stacked_generalization,medical,2.931985855102539,2.997985363006592,2.947007179260254,2.895998477935791,2.647002935409546,1.5820002555847168,1.6509997844696045,1.57499098777771,1.5840013027191162,1.4490253925323486,0.5510204081632653,0.4336734693877551,0.4642857142857143,0.5230769230769231,0.5487179487179488,0.6099744245524297,0.6176470588235294,0.6227621483375959,0.6143039591315453,0.6257982120051085,-0.013832199546485261,-0.01689342403628118,-0.01904761904761905,-0.01698005698005698,-0.015156695156695156,-0.011821540210287014,-0.01156578573458369,-0.011366865586814436,-0.011778061586490706,-0.011409110259684972,0.18414580977967707,0.17030128912481854,0.200539663262087,0.20907877386721554,0.21830910203275222,0.2852106625147833,0.2756385201257894,0.2641344872978715,0.28706937056022747,0.28911060413823425
baseline_dependant_binary_relevance,birds,2.617997884750366,2.5739998817443848,2.600999355316162,2.623999834060669,2.291546583175659,0.7989983558654785,0.8159987926483154,0.8099982738494873,0.8259994983673096,0.7409989833831787,0.49612403100775193,0.4263565891472868,0.5503875968992248,0.5193798449612403,0.46511627906976744,0.5736434108527132,0.5775193798449613,0.5503875968992248,0.5562015503875969,0.5872093023255814,-0.05589555283557732,-0.059567523459812324,-0.04243166054671563,-0.046103631170950635,-0.05059159526723786,-0.036413708690330476,-0.03702570379436965,-0.036923704610363116,-0.037943696450428395,-0.03549571603427173,0.2862696168973009,0.32956928241372924,0.3199007770493786,0.28728168383340796,0.26711712128067416,0.4249520412799627,0.46588081066021547,0.4585698705892462,0.42587666588088213,0.4469020856617319
baseline_dependant_binary_relevance,emotions,0.41499948501586914,0.4259984493255615,0.41499781608581543,0.4069995880126953,0.42902684211730957,0.1699986457824707,0.15999817848205566,0.16299891471862793,0.16199779510498047,0.15199995040893555,0.3445378151260504,0.226890756302521,0.24369747899159663,0.2627118644067797,0.288135593220339,0.4430379746835443,0.41561181434599154,0.41350210970464135,0.4357894736842105,0.45473684210526316,-0.20168067226890757,-0.22969187675070027,-0.22128851540616246,-0.23022598870056496,-0.2189265536723164,-0.14943741209563993,-0.1568213783403657,-0.15576652601969057,-0.15228070175438596,-0.14666666666666667,0.6354736128925612,0.5736941734884252,0.630180796153108,0.6445824645283372,0.6500509736393465,0.7549559834423728,0.7413300833211943,0.74289549719329,0.7327282670210603,0.7504714887894582
baseline_dependant_binary_relevance,scene,19.53499937057495,19.533999919891357,19.53800058364868,19.348999977111816,14.776029825210571,5.028999328613281,5.027997016906738,4.895999193191528,4.641000270843506,3.922968864440918,0.4896265560165975,0.5850622406639004,0.5446985446985447,0.6548856548856549,0.5945945945945946,0.7542857142857143,0.7464935064935065,0.7642782969885774,0.7263759086188992,0.7528556593977155,-0.16355463347164592,-0.12102351313969571,-0.14067914067914067,-0.09736659736659736,-0.11434511434511435,-0.06571428571428571,-0.06813852813852814,-0.06066112841813776,-0.07338179300796123,-0.06498788508134302,0.398674411866144,0.3838256918374163,0.40652961242637015,0.43068275115688914,0.3600380476784972,0.8112488751941037,0.8056949132827498,0.8164003165660576,0.800805021316056,0.8009376002540581
baseline_dependant_binary_relevance,yeast,16.11299705505371,16.066998958587646,16.17899990081787,16.035999298095703,13.705024719238281,4.597001075744629,4.570998430252075,4.546996593475342,4.5239973068237305,4.0330047607421875,0.23553719008264462,0.2128099173553719,0.20496894409937888,0.2194616977225673,0.2111801242236025,0.30781169167097777,0.31350232798758404,0.31747673216132366,0.3252326783867632,0.32730093071354704,-0.21221959858323494,-0.21059622195985833,-0.21073646850044367,-0.21842650103519667,-0.20334220644779652,-0.1481782573350085,-0.14928682285123052,-0.1465135175062786,-0.14304180824346285,-0.14647658442901462,0.441134665201678,0.4349518355201828,0.4287520630844336,0.40940326612043637,0.41544494543900984,0.5432416723866426,0.5543269363541345,0.5475709443972984,0.565329246529726,0.5589109249171974
baseline_dependant_binary_relevance,enron,12.232996940612793,10.858996629714966,10.510996580123901,11.442997932434082,10.160263538360596,5.7850000858306885,6.235000371932983,6.527000188827515,6.214998722076416,5.206000804901123,0.017595307917888565,0.01466275659824047,0.05588235294117647,0.03823529411764706,0.047058823529411764,0.10874357090374724,0.16678912564290962,0.157856093979442,0.14977973568281938,0.18355359765051396,-0.05538648813146683,-0.0678359984507276,-0.06248612652608213,-0.06803551609322975,-0.06831298557158713,-0.047440145287177854,-0.04407136816713571,-0.045659823234422185,-0.04563211703100324,-0.045299642589975896,0.046877559863784855,0.06876546956224262,0.0755978587041255,0.06131582090809766,0.08030246174706822,0.18003346020353792,0.19329498657291044,0.19093758781633133,0.17390343094966848,0.18298169110718904
baseline_dependant_binary_relevance,genbase,25.088486671447754,25.186484813690186,26.09048581123352,25.98648500442505,20.531022310256958,6.848998069763184,6.870000600814819,6.659001111984253,6.694000482559204,5.65299916267395,0.9774436090225563,0.9097744360902256,0.9621212121212122,0.9696969696969697,0.8863636363636364,0.9678638941398866,0.9735349716446124,0.9679245283018868,0.9679245283018868,0.9641509433962264,-0.001670843776106934,-0.006683375104427736,-0.0014029180695847362,-0.0014029180695847362,-0.008978675645342313,-0.002100399075824407,-0.0014702793530770846,-0.0020964360587002098,-0.0019566736547868622,-0.0021663172606568833,0.6055267581132385,0.5159073224207325,0.5740740740740741,0.6543209876543209,0.5644817684125139,0.7774458238213855,0.7496979202114583,0.7516296000426753,0.7529302851444416,0.6815257150983279
baseline_dependant_binary_relevance,medical,3.435985565185547,3.513983964920044,3.5070013999938965,3.3900012969970703,2.8856916427612305,2.243997812271118,2.238999843597412,2.2149970531463623,2.2739992141723633,1.9409964084625244,0.5204081632653061,0.4489795918367347,0.46938775510204084,0.5128205128205128,0.5487179487179488,0.6112531969309463,0.6138107416879796,0.6304347826086957,0.6155810983397191,0.6257982120051085,-0.015192743764172336,-0.017687074829931974,-0.019727891156462583,-0.018233618233618232,-0.0154985754985755,-0.011963626030122194,-0.0123614663256607,-0.011537368570616652,-0.011834823329076203,-0.01166453810131971,0.18526105934111894,0.17987891016642768,0.19632454366487084,0.21275194608527942,0.22601937162964786,0.28703335102474564,0.2738343699588292,0.26762731869219947,0.2933377253801554,0.2922708555261202
baseline_classifier_chain,birds,0.2890019416809082,0.2889997959136963,0.28499937057495117,0.2779991626739502,0.31799864768981934,0.1809999942779541,0.18599843978881836,0.18799853324890137,0.18600153923034668,0.16903209686279297,0.4496124031007752,0.40310077519379844,0.5813953488372093,0.5271317829457365,0.46511627906976744,0.5717054263565892,0.5852713178294574,0.5503875968992248,0.560077519379845,0.5736434108527132,-0.06364749082007344,-0.06405548755609955,-0.041207670338637294,-0.04814361485108119,-0.06323949408404733,-0.04039167686658507,-0.03865769073847409,-0.04110567115463076,-0.040187678498572015,-0.03814769481844145,0.26035390755254934,0.2866524759876561,0.32774272601549775,0.26623664699889743,0.2200604603521057,0.4374526813106083,0.46287188602600193,0.4531217102172927,0.45646745648005976,0.4709951470260009
baseline_classifier_chain,emotions,0.07899951934814453,0.07799911499023438,0.0859978199005127,0.08500051498413086,0.07799911499023438,0.051000356674194336,0.05300092697143555,0.05899858474731445,0.0540013313293457,0.047031402587890625,0.2857142857142857,0.2857142857142857,0.3025210084033613,0.288135593220339,0.3474576271186441,0.4578059071729958,0.45358649789029537,0.43248945147679324,0.4610526315789474,0.4463157894736842,-0.24509803921568626,-0.22128851540616246,-0.22268907563025211,-0.211864406779661,-0.2132768361581921,-0.15928270042194093,-0.16104078762306612,-0.1649085794655415,-0.16035087719298247,-0.15929824561403508,0.5617383579293543,0.5944908918483353,0.6268821893252073,0.6779255567293597,0.6547150972150403,0.7405123314326376,0.7384264690717416,0.7215375343865814,0.7217372423415936,0.7278736550442977
baseline_classifier_chain,scene,0.4719984531402588,0.46599841117858887,0.47299933433532715,0.456989049911499,0.4069995880126953,0.3770008087158203,0.38300085067749023,0.36999988555908203,0.38000011444091797,0.32202863693237305,0.4730290456431535,0.5912863070539419,0.5384615384615384,0.6465696465696466,0.6340956340956341,0.7574025974025974,0.7454545454545455,0.7679127725856698,0.731048805815161,0.7616822429906542,-0.1715076071922545,-0.12344398340248963,-0.14587664587664587,-0.10325710325710326,-0.11295911295911296,-0.06952380952380953,-0.0735064935064935,-0.06576670128071997,-0.0792661820699204,-0.06715126341294565,0.3841681031121547,0.37653138940267655,0.39083465923241095,0.4238865589242847,0.35507645481430766,0.7957649248642792,0.7931366519975552,0.7964363625268653,0.7837176084695464,0.7942118864802944
baseline_classifier_chain,yeast,0.8639965057373047,0.884998083114624,0.8809990882873535,0.8829975128173828,0.8279991149902344,0.6920022964477539,0.7269980907440186,0.7219994068145752,0.6829993724822998,0.618032693862915,0.256198347107438,0.2396694214876033,0.2567287784679089,0.2546583850931677,0.22981366459627328,0.3445421624418003,0.3398861872736679,0.3557394002068252,0.3531540847983454,0.35522233712512924,-0.21871310507674144,-0.22063164108618655,-0.21339840283939662,-0.2246376811594203,-0.2119195504288672,-0.15763801640676964,-0.15863572537136944,-0.15515585758605407,-0.1545649283498301,-0.15663318067661397,0.4394896026646887,0.430472406082359,0.44417055113772463,0.42273502041718836,0.4435514616773914,0.5454766430768079,0.5448140815638872,0.561880979835624,0.560737598183579,0.5653535469380568
baseline_classifier_chain,enron,4.136999845504761,4.171999454498291,4.175998210906982,4.153998851776123,3.535029888153076,3.2100021839141846,3.1070010662078857,3.2229995727539062,3.246999740600586,2.7569992542266846,0.15542521994134897,0.020527859237536656,0.06470588235294118,0.07647058823529412,0.04411764705882353,0.11903012490815577,0.19030124908155768,0.17547723935389134,0.16299559471365638,0.17694566813509544,-0.05383721573618104,-0.06827864770652355,-0.06365149833518313,-0.06786903440621532,-0.06831298557158713,-0.04725992264289576,-0.04340593071132491,-0.04527193638655695,-0.04502258055578644,-0.04567367633613166,0.053225465121921195,0.06978964813852681,0.07539761114322954,0.05668387466149337,0.07599933190782555,0.18379576546677148,0.19960238883071357,0.19853194161739574,0.1805634371011548,0.18856362752382833
baseline_classifier_chain,genbase,0.6989953517913818,0.7069997787475586,0.6809959411621094,0.7079989910125732,0.6169962882995605,0.4660007953643799,0.4519963264465332,0.46200108528137207,0.4869961738586426,0.3800315856933594,0.9774436090225563,0.9172932330827067,0.9621212121212122,0.9696969696969697,0.8939393939393939,0.9678638941398866,0.9735349716446124,0.9679245283018868,0.9679245283018868,0.9641509433962264,-0.001670843776106934,-0.006126427179058758,-0.0014029180695847362,-0.0014029180695847362,-0.005611672278338945,-0.0016803192606595252,-0.0011902261429671637,-0.0016771488469601676,-0.001607267645003494,-0.0017470300489168414,0.6055267581132385,0.5196110261244361,0.5740740740740741,0.6543209876543209,0.5845339221584432,0.7787704924055449,0.7513915486373512,0.7545053106341536,0.7543010719229715,0.683983804874993
baseline_classifier_chain,medical,2.0809719562530518,2.095000743865967,2.098994493484497,2.1169960498809814,1.7340283393859863,1.4339990615844727,1.4399986267089844,1.4260008335113525,1.444000005722046,1.224001169204712,0.5561224489795918,0.4336734693877551,0.46938775510204084,0.5025641025641026,0.558974358974359,0.6176470588235294,0.6176470588235294,0.6381074168797954,0.6181353767560664,0.6360153256704981,-0.014625850340136054,-0.01802721088435374,-0.019387755102040816,-0.01811965811965812,-0.014814814814814815,-0.012162546177891446,-0.012048877522023303,-0.011537368570616652,-0.012232155527174684,-0.011579395487441465,0.19510714267909046,0.17105380570897813,0.20245606022494272,0.22503612260209632,0.20608527974692023,0.28096841086675745,0.2826771883159712,0.2668032850956221,0.28032064992822,0.2971719760038673
stacking_with_f_tests-alpha=0.25,birds,0.2480010986328125,0.24199938774108887,0.25,0.2219991683959961,0.21399784088134766,0.8869979381561279,0.8769989013671875,0.8999984264373779,0.8949985504150391,0.7509994506835938,0.4883720930232558,0.4418604651162791,0.5658914728682171,0.5271317829457365,0.4728682170542636,0.5872093023255814,0.5910852713178295,0.5503875968992248,0.5658914728682171,0.5930232558139535,-0.05385556915544676,-0.05263157894736842,-0.03875968992248062,-0.04243166054671563,-0.049367605059159526,-0.034169726642186864,-0.03518971848225214,-0.03518971848225214,-0.0353937168502652,-0.032639738882088945,0.2837425498218192,0.2815791171972322,0.3315939069648902,0.24022201835268986,0.2984336981409266,0.46000380920678363,0.4809250140834548,0.46994590210689363,0.4513608558396937,0.4740489133651985
stacking_with_f_tests-alpha=0.25,emotions,0.03600144386291504,0.034998178482055664,0.03399848937988281,0.0390009880065918,0.042027950286865234,0.16699790954589844,0.16899800300598145,0.1679985523223877,0.15900135040283203,0.15000557899475098,0.3025210084033613,0.2857142857142857,0.2857142857142857,0.2542372881355932,0.3050847457627119,0.45569620253164556,0.41561181434599154,0.4388185654008439,0.4357894736842105,0.4442105263157895,-0.20588235294117646,-0.2184873949579832,-0.21428571428571427,-0.23163841807909605,-0.2132768361581921,-0.14064697609001406,-0.1490857946554149,-0.14838255977496484,-0.14385964912280702,-0.15017543859649124,0.5810134592797132,0.5726955594461002,0.6265452226044558,0.623519260098614,0.6349387506855996,0.7588063221995323,0.7426428964992825,0.7390805259437117,0.736684420368556,0.7311336379646746
stacking_with_f_tests-alpha=0.25,scene,0.08799934387207031,0.10099983215332031,0.10199999809265137,0.11199665069580078,0.09099984169006348,5.293001174926758,5.266000270843506,5.256999254226685,5.316000938415527,4.0269997119903564,0.46680497925311204,0.5684647302904564,0.5031185031185031,0.6424116424116424,0.5904365904365905,0.7407792207792208,0.7324675324675325,0.7533748701973001,0.7191069574247144,0.745067497403946,-0.15491009681881052,-0.11203319502074689,-0.1334026334026334,-0.09078309078309078,-0.10914760914760915,-0.06398268398268399,-0.06597402597402598,-0.05996884735202492,-0.07217030114226376,-0.06178608515057113,0.37731696323741554,0.3697879799009159,0.3969250257177437,0.41452507640357567,0.35087186995524533,0.8025256798859232,0.8015350662275752,0.807087461419409,0.7913616956270438,0.8031213878585125
stacking_with_f_tests-alpha=0.25,yeast,0.19500184059143066,0.20099902153015137,0.20300006866455078,0.19999957084655762,0.1829993724822998,4.864996910095215,4.859001636505127,4.865998029708862,4.853998184204102,4.087998628616333,0.23553719008264462,0.20041322314049587,0.2111801242236025,0.2111801242236025,0.20082815734989648,0.3114330056906363,0.30625969994826696,0.3029989658738366,0.31954498448810753,0.32419855222337124,-0.20498819362455725,-0.2043978748524203,-0.19875776397515527,-0.21694764862466726,-0.20763087843833186,-0.1469218830832902,-0.14836301825437884,-0.14769537597872653,-0.1453685921110947,-0.14765844290146254,0.4428697985223823,0.4319187625602569,0.44628985233980656,0.40717696365429706,0.4056946092662942,0.5495881355515546,0.5467378121353433,0.5507497517401377,0.5535361731347687,0.5482775960134894
stacking_with_f_tests-alpha=0.25,enron,2.954998254776001,2.9059994220733643,2.9090006351470947,2.91399884223938,2.453998327255249,5.635001182556152,5.839998483657837,6.099997043609619,5.952000617980957,5.09800124168396,0.017595307917888565,0.01466275659824047,0.058823529411764705,0.052941176470588235,0.03235294117647059,0.10506980161645849,0.16531961792799413,0.15198237885462554,0.14904552129221732,0.15418502202643172,-0.05538648813146683,-0.06838931002047252,-0.06204217536071032,-0.06670366259711431,-0.0658157602663707,-0.04724605936256637,-0.043322751029348565,-0.04470395921646857,-0.04572908874296955,-0.045147258471171695,0.04657056404316991,0.0656118974914401,0.07210788622841448,0.059075446241856705,0.0780004695987089,0.17656418591115816,0.1888323853207464,0.1941169765502559,0.1743965040622688,0.1841811455318091
stacking_with_f_tests-alpha=0.25,genbase,0.8340029716491699,0.9430019855499268,0.9299850463867188,1.0050008296966553,0.8119997978210449,6.69499659538269,6.711997747421265,6.59100079536438,6.623999834060669,5.683999061584473,0.9774436090225563,0.9172932330827067,0.9621212121212122,0.9621212121212122,0.8863636363636364,0.9678638941398866,0.9754253308128544,0.969811320754717,0.9641509433962264,0.9641509433962264,-0.001670843776106934,-0.006126427179058758,-0.0014029180695847362,-0.0016835016835016834,-0.005050505050505051,-0.0014002660505496045,-0.0010501995379122034,-0.001397624039133473,-0.0015373864430468203,-0.001607267645003494,0.6055267581132385,0.5196110261244361,0.5740740740740741,0.6502057613168725,0.596879601170789,0.7803325801128017,0.7559877754558003,0.7614193842148939,0.7532491504779908,0.6847474551231792
stacking_with_f_tests-alpha=0.25,medical,2.4519991874694824,2.3340044021606445,2.632998466491699,2.4799981117248535,1.475999116897583,2.215001106262207,2.2269954681396484,2.1840009689331055,2.2250001430511475,1.9400324821472168,0.5255102040816326,0.42857142857142855,0.44387755102040816,0.49230769230769234,0.517948717948718,0.59846547314578,0.5946291560102301,0.6061381074168798,0.5862068965517241,0.6066411238825032,-0.014399092970521542,-0.017006802721088437,-0.019954648526077097,-0.01754985754985755,-0.016068376068376067,-0.012304631997726627,-0.012105711849957373,-0.011849957374254049,-0.012430821626223925,-0.012033489428125443,0.17725352543513376,0.1729497475398974,0.18872978697540105,0.21758503715588282,0.1959646207801423,0.271756396159469,0.2619436194113097,0.24570065272397246,0.2551808442276921,0.2751079103468144
stacking_with_f_tests-alpha=0.50,birds,0.24099993705749512,0.23400211334228516,0.24200010299682617,0.22099876403808594,0.21099853515625,0.8149962425231934,0.8069963455200195,0.822998046875,0.8149971961975098,0.7609992027282715,0.4806201550387597,0.4418604651162791,0.5581395348837209,0.5271317829457365,0.46511627906976744,0.563953488372093,0.5794573643410853,0.5503875968992248,0.563953488372093,0.5833333333333334,-0.056303549571603426,-0.05507955936352509,-0.04079967360261118,-0.04324765401876785,-0.049775601795185635,-0.03620971032231742,-0.038453692370461034,-0.0372297021623827,-0.03651570787433701,-0.03447572419420645,0.27701752794014434,0.2663331462432874,0.31586383760898995,0.25369860043709264,0.2836874506254312,0.41501464867703525,0.44258370804803837,0.44235824048472455,0.43212971903412756,0.44528945561994915
stacking_with_f_tests-alpha=0.50,emotions,0.03300023078918457,0.03399920463562012,0.03799843788146973,0.03799796104431152,0.029025793075561523,0.17299962043762207,0.17299818992614746,0.1679999828338623,0.1640005111694336,0.1560051441192627,0.3445378151260504,0.2773109243697479,0.29411764705882354,0.288135593220339,0.3135593220338983,0.45358649789029537,0.4219409282700422,0.4388185654008439,0.4147368421052632,0.4442105263157895,-0.20168067226890757,-0.22549019607843138,-0.23109243697478993,-0.22598870056497175,-0.21468926553672316,-0.15049226441631505,-0.15436005625879043,-0.15471167369901548,-0.1568421052631579,-0.1543859649122807,0.6011099441357429,0.5727208236388163,0.6234010161580786,0.642865685465797,0.6459746512380032,0.7502987616203853,0.7385200905340662,0.7382659526086912,0.7231855015968754,0.7350847887805765
stacking_with_f_tests-alpha=0.50,scene,0.10600018501281738,0.0969991683959961,0.09900045394897461,0.09900546073913574,0.09099960327148438,5.322998046875,5.297001361846924,5.221998691558838,5.252991676330566,4.052030086517334,0.48132780082987553,0.578838174273859,0.5426195426195426,0.656964656964657,0.5966735966735967,0.7579220779220779,0.7454545454545455,0.7653167185877466,0.7320872274143302,0.7487019730010385,-0.16113416320885202,-0.11549100968188106,-0.13063063063063063,-0.09286209286209286,-0.11122661122661123,-0.06484848484848485,-0.06848484848484848,-0.060834198684665976,-0.07390100380754587,-0.06239183108341987,0.38687378776155446,0.38413646055437106,0.4067389852794076,0.42647430386946,0.3527674009202148,0.8095677711216464,0.805684244849379,0.8098374918738712,0.7956010153069158,0.8028213191550563
stacking_with_f_tests-alpha=0.50,yeast,0.24900078773498535,0.2729988098144531,0.280001163482666,0.28099918365478516,0.17999720573425293,4.735997915267944,4.8150012493133545,4.80199933052063,4.801998615264893,4.209030866622925,0.23553719008264462,0.21074380165289255,0.21739130434782608,0.2194616977225673,0.2111801242236025,0.3238489394723228,0.31350232798758404,0.3117890382626681,0.32730093071354704,0.327817993795243,-0.20720188902007083,-0.20336481700118064,-0.19846199349304938,-0.21739130434782608,-0.20378586217095535,-0.14854777917374917,-0.14969329687384525,-0.14880336829664648,-0.14658738366080662,-0.14880336829664648,0.43825221408358583,0.4333948592652374,0.44960511784456986,0.4047843232282897,0.4083756676910961,0.5467528427680611,0.5438440296123567,0.5482943537965289,0.5508672811619512,0.5445262014497013
stacking_with_f_tests-alpha=0.50,enron,3.0099995136260986,2.9709994792938232,2.9829986095428467,2.985999345779419,2.652033567428589,5.60200047492981,5.837000131607056,6.033000707626343,5.92100191116333,5.119997024536133,0.011730205278592375,0.01466275659824047,0.058823529411764705,0.052941176470588235,0.029411764705882353,0.1080088170462895,0.1719324026451139,0.15051395007342144,0.15051395007342144,0.15565345080763582,-0.06147291539866099,-0.06811265423560006,-0.06398446170921199,-0.06642619311875694,-0.06798002219755826,-0.047939223379035945,-0.04346138383264248,-0.0454520267087801,-0.04502258055578644,-0.04542432050536115,0.045056998625160306,0.06647319120375095,0.07157512451746344,0.060614066684195035,0.07541053379428968,0.1836496540742615,0.19024206875404218,0.19903636675301684,0.17753853237320727,0.1870168614688415
stacking_with_f_tests-alpha=0.50,genbase,0.8600008487701416,0.9159979820251465,0.9320013523101807,0.995999813079834,0.7279958724975586,6.626000165939331,6.668998956680298,6.658998727798462,6.671999931335449,5.691030979156494,0.9774436090225563,0.9172932330827067,0.9621212121212122,0.9621212121212122,0.8863636363636364,0.9678638941398866,0.9754253308128544,0.969811320754717,0.9679245283018868,0.9660377358490566,-0.001670843776106934,-0.006126427179058758,-0.0014029180695847362,-0.0016835016835016834,-0.006172839506172839,-0.0014702793530770846,-0.0010501995379122034,-0.001397624039133473,-0.001397624039133473,-0.001607267645003494,0.6055267581132385,0.5196110261244361,0.5740740740740741,0.6502057613168725,0.5890109266354477,0.7800048187230935,0.7559877754558003,0.7614193842148939,0.7558828953339579,0.684748256660528
stacking_with_f_tests-alpha=0.50,medical,2.321998357772827,2.172999382019043,2.411997079849243,2.357999086380005,1.65299654006958,2.1800010204315186,2.246000289916992,2.1690025329589844,2.1850006580352783,1.9510324001312256,0.5255102040816326,0.4336734693877551,0.45408163265306123,0.48717948717948717,0.5282051282051282,0.5907928388746803,0.5933503836317136,0.5971867007672634,0.5977011494252874,0.6066411238825032,-0.01507936507936508,-0.017346938775510204,-0.019501133786848073,-0.017435897435897435,-0.01527065527065527,-0.012702472293265132,-0.012531969309462916,-0.011906791702188122,-0.012430821626223925,-0.012175393784589187,0.17783241824796267,0.17073521116784862,0.19713983887012737,0.22521377533838763,0.19799164823371412,0.2674944731866234,0.2598153852731239,0.245849252240956,0.2679272973148788,0.2814930003414821
stacking_with_f_tests-alpha=0.75,birds,0.24000048637390137,0.23799848556518555,0.23399710655212402,0.22600030899047852,0.21700263023376465,0.8089990615844727,0.8329980373382568,0.809999942779541,0.8409974575042725,0.7629971504211426,0.4883720930232558,0.4186046511627907,0.5736434108527132,0.5271317829457365,0.4806201550387597,0.5581395348837209,0.5813953488372093,0.5542635658914729,0.5523255813953488,0.5755813953488372,-0.057935536515707875,-0.0518155854753162,-0.03916768665850673,-0.044879640962872294,-0.049775601795185635,-0.038045695634434926,-0.03773969808241534,-0.03651570787433701,-0.037535699714402286,-0.03549571603427173,0.2627286943076417,0.23657675657675659,0.2584669173637725,0.23922295691805676,0.2919738322864259,0.3950741152433105,0.43971330445922996,0.45192218203303725,0.42234434151580574,0.427422531147886
stacking_with_f_tests-alpha=0.75,emotions,0.033998966217041016,0.03399968147277832,0.03299880027770996,0.04199981689453125,0.04399681091308594,0.16899752616882324,0.17099785804748535,0.16099882125854492,0.16300034523010254,0.15399885177612305,0.36134453781512604,0.2773109243697479,0.2857142857142857,0.2966101694915254,0.288135593220339,0.45147679324894513,0.41983122362869196,0.4345991561181435,0.40842105263157896,0.4231578947368421,-0.20448179271708683,-0.23809523809523808,-0.242296918767507,-0.24293785310734464,-0.23022598870056496,-0.15646976090014064,-0.15787623066104078,-0.1620956399437412,-0.16456140350877194,-0.16842105263157894,0.6284578010830103,0.5673191795318538,0.6085410280332312,0.6387572571971215,0.6465300906909449,0.7479831136763031,0.7432296218635187,0.7349109500496347,0.7266115103301738,0.7258096589577905
stacking_with_f_tests-alpha=0.75,scene,0.10699939727783203,0.10700035095214844,0.12799859046936035,0.09300088882446289,0.11099457740783691,5.284999370574951,5.261999845504761,5.238000154495239,5.248000383377075,3.958030939102173,0.504149377593361,0.5850622406639004,0.5550935550935551,0.6507276507276507,0.5987525987525988,0.7636363636363637,0.7475324675324675,0.7658359293873312,0.721183800623053,0.7507788161993769,-0.15836791147994467,-0.11998616874135547,-0.13097713097713098,-0.09944559944559944,-0.11330561330561331,-0.06536796536796537,-0.06805194805194806,-0.06143994461751471,-0.07917964693665629,-0.06299757701626861,0.398505482846198,0.3887152151331256,0.40982986950268296,0.4227938955972526,0.35112724702622117,0.8142630906912753,0.8104136877051795,0.810445006450692,0.7929152455498691,0.8024084675796646
stacking_with_f_tests-alpha=0.75,yeast,0.1979970932006836,0.20299530029296875,0.20499682426452637,0.20499706268310547,0.19199752807617188,4.707000494003296,4.804998874664307,4.757000207901001,4.759000778198242,4.070030212402344,0.2334710743801653,0.1962809917355372,0.2070393374741201,0.22153209109730848,0.2111801242236025,0.3238489394723228,0.3124676668391102,0.31592554291623576,0.32057911065149947,0.33040330920372285,-0.21044864226682408,-0.20793978748524203,-0.20526471458148476,-0.21990535344572612,-0.20556048506359065,-0.15009977089645998,-0.15202128445791147,-0.15124095139607033,-0.14887723445117448,-0.15057615600531837,0.4371473568887935,0.426988992599136,0.43470375439740977,0.4087933028617274,0.4148509506420525,0.5458773895934216,0.5405476861896829,0.5427079022185481,0.5506123518390124,0.5462314371590818
stacking_with_f_tests-alpha=0.75,enron,3.0429952144622803,3.008997678756714,3.0439960956573486,3.0079967975616455,2.8069984912872314,5.642001390457153,5.868998765945435,6.172001123428345,5.946000337600708,5.171077489852905,0.011730205278592375,0.02932551319648094,0.058823529411764705,0.061764705882352944,0.03529411764705882,0.106539309331374,0.18001469507714915,0.15859030837004406,0.15712187958883994,0.1593245227606461,-0.0621368892823549,-0.06816798539257456,-0.06426193118756937,-0.06842397336293007,-0.07180910099889012,-0.04910373892670484,-0.043946598644171185,-0.0465187155404095,-0.04563211703100324,-0.04694816169340315,0.04491224508772448,0.07188314746004448,0.07173723645018575,0.05683257486743505,0.07446080904396427,0.1816748192591706,0.19054122033171592,0.19831943204156066,0.1757018111489756,0.18284693878442113
stacking_with_f_tests-alpha=0.75,genbase,0.7780001163482666,0.8579967021942139,0.8500003814697266,0.8899950981140137,0.7899999618530273,6.85600209236145,6.838000535964966,6.817999362945557,6.847999811172485,5.734999418258667,0.9774436090225563,0.9172932330827067,0.9621212121212122,0.9696969696969697,0.8939393939393939,0.9678638941398866,0.9735349716446124,0.9679245283018868,0.9641509433962264,0.9641509433962264,-0.001670843776106934,-0.006126427179058758,-0.0014029180695847362,-0.0014029180695847362,-0.008417508417508417,-0.0023104389834068474,-0.001260239445494644,-0.0017470300489168414,-0.0020265548567435358,-0.0020964360587002098,0.6055267581132385,0.5196110261244361,0.5740740740740741,0.6543209876543209,0.5724366009213371,0.7757980491286831,0.7512587994006594,0.7578556922749042,0.7504932495244806,0.6820797772970856
stacking_with_f_tests-alpha=0.75,medical,2.4590039253234863,2.279998779296875,2.5659985542297363,2.473998546600342,1.5420281887054443,2.1989994049072266,2.22999906539917,2.194999933242798,2.2039988040924072,1.9419984817504883,0.5306122448979592,0.4489795918367347,0.4387755102040816,0.5230769230769231,0.5230769230769231,0.59846547314578,0.6099744245524297,0.6176470588235294,0.6028097062579821,0.6219667943805874,-0.015192743764172336,-0.017800453514739228,-0.020521541950113378,-0.01698005698005698,-0.015726495726495728,-0.012446717817561808,-0.01213412901392441,-0.011906791702188122,-0.012147012913296439,-0.012288917269760181,0.17858147564505739,0.17778442974521402,0.18646328015875263,0.24136707806118957,0.20139557628704918,0.2743887099800648,0.2715493441872186,0.2541402208353963,0.27317604066465334,0.2787749202778786
classifier_chain_with_f_test_ordering-ascending_chain=False,birds,0.5119955539703369,0.5110037326812744,0.5009973049163818,0.4969966411590576,0.4980301856994629,0.18100261688232422,0.18399691581726074,0.18900084495544434,0.18899989128112793,0.16896963119506836,0.4883720930232558,0.4263565891472868,0.5658914728682171,0.5348837209302325,0.4883720930232558,0.5658914728682171,0.5949612403100775,0.5542635658914729,0.5697674418604651,0.6085271317829457,-0.05752753977968176,-0.05467156262749898,-0.03998368013055895,-0.04528763769889841,-0.049367605059159526,-0.03702570379436965,-0.03835169318645451,-0.036413708690330476,-0.038555691554467565,-0.03355773153814769,0.272824004992789,0.2950592574553793,0.31385988588204655,0.27327683228712973,0.3026749989007607,0.4193074925525827,0.4571619027077552,0.4472346375382005,0.41812425893166144,0.4582060805271998
classifier_chain_with_f_test_ordering-ascending_chain=False,emotions,0.11299848556518555,0.11099863052368164,0.12099671363830566,0.11799812316894531,0.10102677345275879,0.0559999942779541,0.0559999942779541,0.053002119064331055,0.054001808166503906,0.04797101020812988,0.3277310924369748,0.2605042016806723,0.3025210084033613,0.288135593220339,0.3389830508474576,0.45569620253164556,0.4472573839662447,0.43670886075949367,0.42736842105263156,0.4610526315789474,-0.21988795518207283,-0.2507002801120448,-0.22969187675070027,-0.2274011299435028,-0.22175141242937854,-0.16561181434599156,-0.16455696202531644,-0.17088607594936708,-0.1624561403508772,-0.1550877192982456,0.597000771670312,0.5666669118598083,0.627848439168394,0.6549930793948754,0.650151519386562,0.73553705089301,0.7378101797588147,0.7229531512864082,0.7216816441425564,0.7422931062005927
classifier_chain_with_f_test_ordering-ascending_chain=False,scene,0.5469992160797119,0.5789980888366699,0.5519983768463135,0.5439984798431396,0.4370276927947998,0.36100101470947266,0.36299991607666016,0.3410003185272217,0.3620002269744873,0.34997034072875977,0.5456431535269709,0.6161825726141079,0.5945945945945946,0.681912681912682,0.6382536382536382,0.7766233766233767,0.7631168831168831,0.7782969885773624,0.7533748701973001,0.764797507788162,-0.14764868603042877,-0.11549100968188106,-0.1282051282051282,-0.08974358974358974,-0.11088011088011088,-0.06303030303030303,-0.0670995670995671,-0.06247836621668398,-0.07173762547594323,-0.0662859120803046,0.4094163407247327,0.38419960136926773,0.40034940217867043,0.4299619698918027,0.357413786119457,0.8160431293189016,0.8059571625377903,0.8097538996760182,0.8018516371478316,0.7967724514602845
classifier_chain_with_f_test_ordering-ascending_chain=False,yeast,1.0209972858428955,1.0369970798492432,0.9809975624084473,0.9959964752197266,0.9650213718414307,0.706000804901123,0.6989998817443848,0.679999828338623,0.6880006790161133,0.657977819442749,0.26239669421487605,0.2231404958677686,0.2277432712215321,0.2422360248447205,0.2153209109730849,0.3419555095706156,0.338851526125194,0.34488107549120994,0.34953464322647365,0.344364012409514,-0.2173848878394333,-0.21310507674144039,-0.21827861579414373,-0.22005323868677906,-0.21739130434782608,-0.1564555465227995,-0.15730544675190303,-0.15570985374501403,-0.15401093219087014,-0.15670704683114198,0.4382926400805639,0.43846282070809417,0.42802172939521876,0.43526381170397405,0.41862297469900406,0.5407319621550556,0.5536632371966032,0.5533576904192344,0.5618242498269598,0.5585964676442977
classifier_chain_with_f_test_ordering-ascending_chain=False,enron,6.515997409820557,6.477997779846191,6.436997890472412,6.479997634887695,5.283308029174805,3.239004135131836,3.181999921798706,3.1989989280700684,3.21600079536438,2.7369942665100098,0.020527859237536656,0.017595307917888565,0.058823529411764705,0.06764705882352941,0.03235294117647059,0.112417340191036,0.16899338721528287,0.17180616740088106,0.14904552129221732,0.16152716593245228,-0.06628672605544182,-0.06877662811929397,-0.0658157602663707,-0.06653718091009989,-0.07042175360710322,-0.05001871542844468,-0.04362774319659518,-0.048111822236998864,-0.04502258055578644,-0.04782090710109994,0.04418149367734958,0.07212993608319652,0.07348384643222132,0.06212671845110629,0.07956177083809363,0.18269426632469293,0.19957315711643936,0.1967453783638675,0.1815938396640091,0.1861149636672201
classifier_chain_with_f_test_ordering-ascending_chain=False,genbase,1.402001142501831,1.4660005569458008,1.4850010871887207,1.5339879989624023,1.1120288372039795,0.4869990348815918,0.4979979991912842,0.45799899101257324,0.45399951934814453,0.38897037506103516,0.9774436090225563,0.9097744360902256,0.9621212121212122,0.9621212121212122,0.8939393939393939,0.9678638941398866,0.9735349716446124,0.9679245283018868,0.9679245283018868,0.9641509433962264,-0.001670843776106934,-0.006683375104427736,-0.0014029180695847362,-0.0016835016835016834,-0.005892255892255892,-0.0016803192606595252,-0.0011902261429671637,-0.0016771488469601676,-0.001607267645003494,-0.001816911250873515,0.6055267581132385,0.5159073224207325,0.5740740740740741,0.6502057613168725,0.5780083489662035,0.7787567369087436,0.7538964690166678,0.7583234009319947,0.7544339799506163,0.6820675953004623
classifier_chain_with_f_test_ordering-ascending_chain=False,medical,4.44600248336792,4.127999544143677,4.602999448776245,4.51599907875061,3.2860381603240967,1.416999101638794,1.464003086090088,1.4269986152648926,1.4360003471374512,1.2199618816375732,0.5663265306122449,0.45408163265306123,0.4744897959183674,0.517948717948718,0.558974358974359,0.6214833759590793,0.6138107416879796,0.6278772378516624,0.6334610472541508,0.6347381864623244,-0.013718820861678005,-0.017346938775510204,-0.018820861678004536,-0.017435897435897435,-0.014586894586894586,-0.012190963341858483,-0.012247797669792554,-0.011423699914748509,-0.011636157230026962,-0.011636157230026962,0.20687665267319208,0.1804174746445507,0.20725297951998276,0.21255063649800493,0.22094251531434103,0.29155055402810615,0.278362984373116,0.26041331464819,0.2968991522480669,0.29937699819487756
classifier_chain_with_f_test_ordering-ascending_chain=True,birds,0.5119967460632324,0.49599742889404297,0.5089988708496094,0.5009994506835938,0.4850273132324219,0.18000078201293945,0.18200039863586426,0.1809990406036377,0.18799901008605957,0.17600560188293457,0.4573643410852713,0.4186046511627907,0.5813953488372093,0.5271317829457365,0.4883720930232558,0.5717054263565892,0.5930232558139535,0.5465116279069767,0.5678294573643411,0.5968992248062015,-0.06609547123623011,-0.06119951040391677,-0.04079967360261118,-0.042839657282741736,-0.05671154630762954,-0.03773969808241534,-0.037535699714402286,-0.03784169726642187,-0.037433700530395755,-0.03814769481844145,0.22921895877896298,0.26935869616435104,0.34742748787070116,0.33473738860335417,0.28983856700574967,0.43192579459112623,0.47838302793366533,0.45527303519564527,0.42447972596247535,0.4784253484989237
classifier_chain_with_f_test_ordering-ascending_chain=True,emotions,0.1379988193511963,0.14899730682373047,0.18799614906311035,0.1959998607635498,0.10602927207946777,0.08899903297424316,0.07999873161315918,0.07100152969360352,0.05099749565124512,0.04599785804748535,0.2773109243697479,0.25210084033613445,0.3025210084033613,0.3135593220338983,0.288135593220339,0.46835443037974683,0.45358649789029537,0.44936708860759494,0.45263157894736844,0.45052631578947366,-0.24929971988795518,-0.23949579831932774,-0.226890756302521,-0.21045197740112995,-0.2401129943502825,-0.1550632911392405,-0.15576652601969057,-0.16033755274261605,-0.16210526315789472,-0.17298245614035088,0.5374707298386379,0.5515261327886366,0.6160389127134066,0.6765531388818462,0.6266869179873639,0.7449540144390445,0.744932330570241,0.7279929092405167,0.7173031577774381,0.7114524037433556
classifier_chain_with_f_test_ordering-ascending_chain=True,scene,0.5040097236633301,0.5070114135742188,0.511012077331543,0.4990096092224121,0.44002747535705566,0.3919999599456787,0.38499975204467773,0.37099742889404297,0.3930015563964844,0.3579695224761963,0.529045643153527,0.578838174273859,0.525987525987526,0.6673596673596673,0.6278586278586279,0.7657142857142857,0.7631168831168831,0.7860851505711319,0.7429906542056075,0.7757009345794392,-0.15318118948824344,-0.12932226832641772,-0.15038115038115038,-0.09702009702009702,-0.11815661815661815,-0.06692640692640693,-0.06891774891774892,-0.06031498788508134,-0.07519903080650744,-0.06230529595015576,0.3997640154698805,0.372289943138834,0.38504329661812503,0.4213603773536583,0.35017722909944243,0.8082331077837144,0.8023331129389453,0.8146164966145295,0.7951195325449895,0.8062213341960657
classifier_chain_with_f_test_ordering-ascending_chain=True,yeast,1.0439977645874023,1.0359971523284912,1.0219981670379639,1.03999662399292,0.9210007190704346,0.7239999771118164,0.7330014705657959,0.693000316619873,0.716001033782959,0.6210286617279053,0.26859504132231404,0.22727272727272727,0.2277432712215321,0.2443064182194617,0.2194616977225673,0.33005690636316604,0.3414381789963787,0.3541882109617373,0.35108583247156155,0.3562564632885212,-0.2108913813459268,-0.21000590318772136,-0.20629991126885536,-0.21487725524992607,-0.21236320615202603,-0.15930086468110266,-0.1574532554873993,-0.156300782981238,-0.15360466834096617,-0.15570985374501403,0.4440356824967168,0.4307738405538411,0.442304087000287,0.4236752329149835,0.40643379416472875,0.5382026461047847,0.5529647053177235,0.5409137176997357,0.5464788029279474,0.5472399784368162
classifier_chain_with_f_test_ordering-ascending_chain=True,enron,6.471001148223877,6.503999471664429,6.510999917984009,6.472999334335327,5.43027663230896,3.152998447418213,3.128000259399414,3.1530001163482666,3.1710004806518555,2.777972459793091,0.10850439882697947,0.026392961876832845,0.06470588235294118,0.061764705882352944,0.03823529411764706,0.11756061719324026,0.19030124908155768,0.17327459618208516,0.16005873715124816,0.17033773861967694,-0.060753610357992587,-0.072262491008687,-0.06620421753607103,-0.07003329633740289,-0.07180910099889012,-0.04969985998086867,-0.04520815715414581,-0.047557698168619954,-0.04761311057545785,-0.04744687335494417,0.049677968905129155,0.06745986241839994,0.07091439236734094,0.055605604105553805,0.07302929705791027,0.18088777279546564,0.18703650492152799,0.19419862404012808,0.17169964295831347,0.1866458308202487
classifier_chain_with_f_test_ordering-ascending_chain=True,genbase,1.3309998512268066,1.3870036602020264,1.4099981784820557,1.4149980545043945,1.0979971885681152,0.5370016098022461,0.5179958343505859,0.5030021667480469,0.47800207138061523,0.40003156661987305,0.9774436090225563,0.9097744360902256,0.9621212121212122,0.9621212121212122,0.8787878787878788,0.9678638941398866,0.9735349716446124,0.9679245283018868,0.9641509433962264,0.9641509433962264,-0.001670843776106934,-0.006683375104427736,-0.0014029180695847362,-0.0016835016835016834,-0.006453423120089787,-0.0016803192606595252,-0.0011902261429671637,-0.0016771488469601676,-0.0017470300489168414,-0.001816911250873515,0.6055267581132385,0.5159073224207325,0.5740740740740741,0.6502057613168725,0.5778998155243366,0.7793932907020994,0.7542447202609764,0.7590487600011712,0.752384649780189,0.6821752027584104
classifier_chain_with_f_test_ordering-ascending_chain=True,medical,4.2709641456604,4.1729960441589355,4.364996671676636,4.360998630523682,3.0296261310577393,1.4460012912750244,1.4570026397705078,1.4600002765655518,1.4479970932006836,1.2379639148712158,0.5408163265306123,0.42857142857142855,0.4489795918367347,0.5076923076923077,0.5897435897435898,0.6099744245524297,0.592071611253197,0.6163682864450127,0.611749680715198,0.6143039591315453,-0.01507936507936508,-0.01870748299319728,-0.02074829931972789,-0.01903133903133903,-0.014814814814814815,-0.012617220801364024,-0.01352657004830918,-0.012560386473429951,-0.012515964240102172,-0.012629487725273166,0.17915568432393722,0.16356183330551455,0.19545830269495315,0.20805047205047206,0.22134150471195485,0.2775218745296653,0.24771354623706618,0.23962839566698907,0.2743213017732158,0.28616870362177793
classifier_chain_with_lop-num_generations=10,birds,3.825997829437256,3.8649957180023193,3.846996545791626,3.899998188018799,3.431025981903076,0.19099950790405273,0.18799877166748047,0.18800020217895508,0.18599915504455566,0.16600513458251953,0.4728682170542636,0.4108527131782946,0.5813953488372093,0.5193798449612403,0.4806201550387597,0.5542635658914729,0.5813953488372093,0.5445736434108527,0.562015503875969,0.5968992248062015,-0.06813545491636067,-0.06364749082007344,-0.04202366381068951,-0.04528763769889841,-0.0485516115871073,-0.04365565075479396,-0.04130966952264382,-0.04171766625866993,-0.04028967768257854,-0.03620971032231742,0.24090271495877905,0.23880065582851956,0.32691799805551924,0.27206128793657397,0.3130315821451556,0.40606875486400534,0.4391572309532481,0.4573774215128217,0.43070799148311,0.4438196342632265
classifier_chain_with_lop-num_generations=10,emotions,0.7649872303009033,0.7769989967346191,0.7489974498748779,0.7929983139038086,0.771028995513916,0.05200028419494629,0.04899859428405762,0.04800057411193848,0.04900312423706055,0.04799962043762207,0.31932773109243695,0.2857142857142857,0.31092436974789917,0.2966101694915254,0.3050847457627119,0.4620253164556962,0.4578059071729958,0.45569620253164556,0.4568421052631579,0.4336842105263158,-0.211484593837535,-0.226890756302521,-0.22408963585434175,-0.2344632768361582,-0.2330508474576271,-0.16420534458509142,-0.1571729957805907,-0.16455696202531644,-0.16421052631578947,-0.1782456140350877,0.592493565265477,0.5707439166741491,0.6281873726192986,0.6457894734232238,0.6364539828491881,0.7349845707007354,0.7454411616852114,0.7254024133226561,0.7231681482578588,0.7053773365110686
classifier_chain_with_lop-num_generations=10,scene,1.187997817993164,1.1919960975646973,1.190999984741211,1.1749975681304932,1.0960257053375244,0.37800025939941406,0.3750004768371582,0.3569979667663574,0.36500024795532227,0.3529701232910156,0.4730290456431535,0.5663900414937759,0.5218295218295218,0.6465696465696466,0.6299376299376299,0.7615584415584415,0.7625974025974026,0.7772585669781932,0.7414330218068536,0.778816199376947,-0.17047026279391425,-0.13278008298755187,-0.15142065142065142,-0.10083160083160084,-0.1146916146916147,-0.06831168831168831,-0.06891774891774892,-0.06325718241606092,-0.07502596053997923,-0.06169955001730703,0.3804897412248376,0.3684604771257427,0.3870269706312641,0.42541060113507956,0.35796175484950093,0.7980813464846782,0.8035914932985837,0.807782298192934,0.7920366781164248,0.8090526433544598
classifier_chain_with_lop-num_generations=10,yeast,3.13199520111084,3.123995065689087,3.083998203277588,3.1309969425201416,2.7990310192108154,0.8090007305145264,0.8619997501373291,0.8040010929107666,0.8769979476928711,0.6229679584503174,0.24586776859504134,0.2334710743801653,0.23395445134575568,0.2505175983436853,0.2194616977225673,0.33781686497672014,0.33367822038282463,0.35832471561530505,0.3572905894519131,0.3485005170630817,-0.22004132231404958,-0.2058736717827627,-0.21206743566992015,-0.2163561076604555,-0.2129547471162378,-0.15730544675190303,-0.15885743847461384,-0.15423253065445414,-0.15179494755503029,-0.15574678682227802,0.4338248200998166,0.43078911792006025,0.4374189358199004,0.4204358516313677,0.4144043969966815,0.5419008177787114,0.5332926690335805,0.5517160060070763,0.5445303826611235,0.5421084122431414
classifier_chain_with_lop-num_generations=10,enron,28.789005517959595,28.45999813079834,28.18000078201294,28.21299934387207,26.03702974319458,3.183992385864258,3.158001661300659,3.1829993724823,3.1970014572143555,2.7729992866516113,0.06744868035190615,0.02932551319648094,0.06764705882352941,0.07647058823529412,0.041176470588235294,0.12123438648052902,0.19250551065393093,0.17988252569750368,0.1593245227606461,0.17474302496328928,-0.0621368892823549,-0.07193050406684004,-0.06520532741398447,-0.06637069922308546,-0.07286348501664817,-0.05012962167107981,-0.04552701260172182,-0.047363754744687334,-0.04484249023356329,-0.048028703626742025,0.051062256241839445,0.06815756728264068,0.07261786064163976,0.06186939040581235,0.0695966674023594,0.1793857107138206,0.19152501705484148,0.19205474408180057,0.17787244705446842,0.18140942604251523
classifier_chain_with_lop-num_generations=10,genbase,7.111000061035156,7.103976011276245,7.253976106643677,7.110001564025879,6.424028635025024,0.4349992275238037,0.43300509452819824,0.4380009174346924,0.4409983158111572,0.380997896194458,0.9774436090225563,0.9172932330827067,0.9621212121212122,0.9621212121212122,0.8863636363636364,0.9697542533081286,0.9735349716446124,0.969811320754717,0.9679245283018868,0.9641509433962264,-0.001670843776106934,-0.006126427179058758,-0.0014029180695847362,-0.0016835016835016834,-0.006172839506172839,-0.001540292655604565,-0.0011902261429671637,-0.0015373864430468203,-0.001607267645003494,-0.001816911250873515,0.6055267581132385,0.5196110261244361,0.5740740740740741,0.6502057613168725,0.5734228110473322,0.779826969030176,0.7513915486373512,0.7558330411058355,0.7548294358741084,0.6820675953004623
classifier_chain_with_lop-num_generations=10,medical,19.050987482070923,19.179985761642456,19.22999930381775,18.946999311447144,17.36299753189087,1.446997880935669,1.4279992580413818,1.4090032577514648,1.4280040264129639,1.216001033782959,0.5561224489795918,0.42857142857142855,0.4642857142857143,0.517948717948718,0.5692307692307692,0.6227621483375959,0.612531969309463,0.6381074168797954,0.611749680715198,0.6194125159642401,-0.015419501133786848,-0.019387755102040816,-0.02018140589569161,-0.018917378917378918,-0.01584045584045584,-0.012617220801364024,-0.013015061096902529,-0.011764705882352941,-0.012459202497516675,-0.012345679012345678,0.18087579968082027,0.1636452230655629,0.2084394134223905,0.1992978344622823,0.20149976765619276,0.27611472554785915,0.26440789309903434,0.25085373866166194,0.2725496310403899,0.2837986702058892
classifier_chain_with_lop-num_generations=25,birds,7.052966117858887,7.198995113372803,7.159996509552002,7.0889997482299805,6.418034076690674,0.19099879264831543,0.19500446319580078,0.1900014877319336,0.18699955940246582,0.16699624061584473,0.5116279069767442,0.4108527131782946,0.5658914728682171,0.5348837209302325,0.46511627906976744,0.5717054263565892,0.5930232558139535,0.5465116279069767,0.563953488372093,0.5736434108527132,-0.05507955936352509,-0.06323949408404733,-0.042839657282741736,-0.04039167686658507,-0.06119951040391677,-0.036413708690330476,-0.04079967360261118,-0.04181966544267646,-0.03784169726642187,-0.04079967360261118,0.29067080449500693,0.2911991352978635,0.33435548117943764,0.3133606159921949,0.2475847232763242,0.44382955648466577,0.46578479033211934,0.44513331937657913,0.4509057462941759,0.4387727526613947
classifier_chain_with_lop-num_generations=25,emotions,1.6289989948272705,1.5430011749267578,1.5789883136749268,1.61299729347229,1.309028148651123,0.06000065803527832,0.06799697875976562,0.05699872970581055,0.059000492095947266,0.04597020149230957,0.3445378151260504,0.2857142857142857,0.3025210084033613,0.3050847457627119,0.3135593220338983,0.459915611814346,0.4578059071729958,0.4451476793248945,0.4421052631578947,0.4336842105263158,-0.21288515406162464,-0.226890756302521,-0.22969187675070027,-0.24152542372881355,-0.2274011299435028,-0.16104078762306612,-0.1571729957805907,-0.1719409282700422,-0.16456140350877194,-0.17298245614035088,0.604686166070138,0.5707439166741491,0.6200823450903682,0.6320146376484405,0.6462595865609048,0.7419884395329794,0.7454411616852114,0.7193180609096189,0.7200421272013117,0.7161092516817069
classifier_chain_with_lop-num_generations=25,scene,1.894000768661499,1.9150009155273438,1.8929991722106934,1.9020020961761475,1.7080304622650146,0.36699819564819336,0.36000752449035645,0.3449997901916504,0.36299681663513184,0.3139941692352295,0.4730290456431535,0.5663900414937759,0.525987525987526,0.6465696465696466,0.6278586278586279,0.7620779220779221,0.7636363636363637,0.773104880581516,0.729491173416407,0.7782969885773624,-0.17047026279391425,-0.13243430152143845,-0.15072765072765074,-0.10187110187110188,-0.11503811503811504,-0.06813852813852814,-0.0683982683982684,-0.06490134994807892,-0.07848736587054345,-0.06213222568362755,0.3804897412248376,0.36872163040576006,0.3849257794443039,0.42489856836498224,0.35756178801821736,0.7989523279517606,0.8045100106868266,0.8020989613709261,0.7852366825718495,0.8082907105985506
classifier_chain_with_lop-num_generations=25,yeast,5.365997314453125,5.234997272491455,5.390998840332031,5.275998592376709,4.855998992919922,0.7139997482299805,0.6930007934570312,0.7249999046325684,0.7430007457733154,0.626000165939331,0.25,0.2231404958677686,0.2401656314699793,0.2546583850931677,0.2153209109730849,0.3404035178479048,0.33523021210553544,0.3516028955532575,0.35832471561530505,0.3531540847983454,-0.21458087367178277,-0.20793978748524203,-0.21768707482993196,-0.21872227151730259,-0.21517302573203195,-0.1584879166358732,-0.15815534698100658,-0.15659624759934998,-0.15404786526813413,-0.15737184222189393,0.4388620247362936,0.42680924026463485,0.41721171400599827,0.41583402440394945,0.3937472563856474,0.5349497529995936,0.5357467039245065,0.5360543221057819,0.5394729397911052,0.5277606170023657
classifier_chain_with_lop-num_generations=25,enron,49.23899984359741,49.70300078392029,50.18399977684021,49.21900010108948,45.393041372299194,3.2340002059936523,3.231999635696411,3.2910008430480957,3.2439987659454346,2.720034599304199,0.0967741935483871,0.03225806451612903,0.07352941176470588,0.058823529411764705,0.047058823529411764,0.12490815576781777,0.19030124908155768,0.17400881057268722,0.1593245227606461,0.1762114537444934,-0.05942566259060477,-0.07276047142145742,-0.0644284128745838,-0.06981132075471698,-0.07019977802441732,-0.04863238739550552,-0.04634494614115592,-0.04816723464383676,-0.046962014795112625,-0.04665724655750422,0.050048459246673845,0.06310585943442049,0.0720487369084812,0.05561913826692318,0.07658086057974633,0.18515410465351012,0.18578935902002658,0.1889766957707137,0.17252215174775937,0.18347460255463735
classifier_chain_with_lop-num_generations=25,genbase,13.172998905181885,13.275999307632446,13.413999795913696,13.152003288269043,11.982998132705688,0.4440011978149414,0.4330003261566162,0.4340081214904785,0.4349973201751709,0.3810296058654785,0.9774436090225563,0.9097744360902256,0.9621212121212122,0.9621212121212122,0.8863636363636364,0.9678638941398866,0.9735349716446124,0.9679245283018868,0.9660377358490566,0.9641509433962264,-0.001670843776106934,-0.006961849067112225,-0.0014029180695847362,-0.0016835016835016834,-0.006172839506172839,-0.0016803192606595252,-0.0011902261429671637,-0.0016771488469601676,-0.001607267645003494,-0.001816911250873515,0.6055267581132385,0.5137630729080618,0.5740740740740741,0.6502057613168725,0.5778998155243366,0.7793267073538452,0.7542447202609764,0.7588045746276072,0.7527561355065048,0.6821752027584104
classifier_chain_with_lop-num_generations=25,medical,34.22300124168396,34.41200017929077,35.1499981880188,34.3709979057312,31.778034210205078,1.4879984855651855,1.4890007972717285,1.4469995498657227,1.4780030250549316,1.2259650230407715,0.5306122448979592,0.41836734693877553,0.45918367346938777,0.5282051282051282,0.5743589743589743,0.6023017902813299,0.6010230179028133,0.6368286445012787,0.5964240102171137,0.6194125159642401,-0.01655328798185941,-0.019954648526077097,-0.021201814058956915,-0.017891737891737893,-0.015042735042735043,-0.013498152884342142,-0.013554987212276215,-0.01156578573458369,-0.01316872427983539,-0.012572725982687669,0.16721424774056354,0.15715586572002627,0.1862506079873027,0.21387440943299682,0.19805524053411377,0.27140045457202566,0.2533745543597876,0.24581398891162867,0.2566984923219457,0.2726435769652726
classifier_chain_with_lop-num_generations=50,birds,12.49999737739563,12.626000165939331,12.801997900009155,12.566998720169067,11.46903133392334,0.18800067901611328,0.18599772453308105,0.18699884414672852,0.19300007820129395,0.16500043869018555,0.4728682170542636,0.4186046511627907,0.5813953488372093,0.5348837209302325,0.4806201550387597,0.5523255813953488,0.5852713178294574,0.5503875968992248,0.5755813953488372,0.5949612403100775,-0.06405548755609955,-0.06364749082007344,-0.044471644226846185,-0.04569563443492452,-0.05222358221134231,-0.0441656466748266,-0.04263565891472868,-0.0372297021623827,-0.038045695634434926,-0.03590371277029784,0.2607213735696708,0.32343825848696345,0.30633827243734363,0.2912627826250117,0.30119699701743047,0.42532311577511367,0.4586354314569963,0.46694937587909446,0.4458092523562467,0.4588116496421685
classifier_chain_with_lop-num_generations=50,emotions,2.918999433517456,2.882997751235962,2.830998420715332,2.883998394012451,2.4350297451019287,0.04899883270263672,0.04899954795837402,0.04999995231628418,0.04900026321411133,0.04596972465515137,0.3445378151260504,0.2857142857142857,0.3025210084033613,0.3050847457627119,0.3220338983050847,0.459915611814346,0.4409282700421941,0.4451476793248945,0.45052631578947366,0.43157894736842106,-0.21288515406162464,-0.22549019607843138,-0.22969187675070027,-0.23728813559322035,-0.22175141242937854,-0.16104078762306612,-0.16350210970464135,-0.1719409282700422,-0.16421052631578947,-0.16912280701754387,0.604686166070138,0.5812940059848501,0.6200823450903682,0.6387874819212848,0.6559499090984495,0.7419884395329794,0.7367306920502331,0.7193180609096189,0.7218744534685904,0.7202555082063861
classifier_chain_with_lop-num_generations=50,scene,3.1899988651275635,3.146991491317749,3.267998456954956,3.180989980697632,2.7620294094085693,0.3790009021759033,0.3619978427886963,0.35199904441833496,0.3769993782043457,0.31296753883361816,0.4730290456431535,0.5705394190871369,0.5218295218295218,0.6444906444906445,0.6299376299376299,0.7620779220779221,0.7584415584415585,0.7767393561786086,0.7274143302180686,0.778816199376947,-0.17047026279391425,-0.1313969571230982,-0.1521136521136521,-0.10291060291060292,-0.11538461538461539,-0.06813852813852814,-0.07004329004329005,-0.06343025268258913,-0.07883350640359986,-0.06195915541709934,0.3804897412248376,0.3700528338136408,0.3840215168988818,0.42262012009493843,0.35796175484950093,0.7989523279517606,0.8004165692339497,0.8072703590497863,0.7825359928044234,0.8085708792844613
classifier_chain_with_lop-num_generations=50,yeast,8.929999351501465,8.69499683380127,8.709998607635498,8.650998830795288,7.85202956199646,0.7149996757507324,0.7200002670288086,0.6999995708465576,0.7029988765716553,0.6369988918304443,0.2603305785123967,0.23760330578512398,0.2443064182194617,0.2608695652173913,0.21325051759834368,0.33367822038282463,0.33626487325400933,0.3474663908996898,0.359358841778697,0.35677352637021714,-0.21074380165289255,-0.20631641086186542,-0.20615202602780242,-0.21768707482993196,-0.2119195504288672,-0.16088980858768753,-0.15760106422289558,-0.15729797606736592,-0.15238587679125426,-0.15604225144039002,0.44285401437680155,0.42844818071429164,0.4275826351165958,0.4139041615151916,0.4068221081763427,0.528781222356624,0.536693885425422,0.5346254345861158,0.5404475200643729,0.5324576769511855
classifier_chain_with_lop-num_generations=50,enron,83.78200054168701,84.87299489974976,85.77899837493896,83.27799415588379,77.81902766227722,3.2019994258880615,3.1849987506866455,3.2110016345977783,3.1749985218048096,2.7219719886779785,0.02932551319648094,0.03519061583577713,0.07058823529411765,0.07352941176470588,0.03823529411764706,0.115356355620867,0.19691403379867745,0.18061674008810572,0.16005873715124816,0.17474302496328928,-0.061638908869584466,-0.07176451059591656,-0.06376248612652609,-0.06925638179800223,-0.07081021087680354,-0.047939223379035945,-0.04562405556402756,-0.04793173191477572,-0.04733604854126839,-0.04705898650707894,0.04563781854601622,0.06448734524944616,0.07433488699786886,0.05713118240375913,0.07173929470998497,0.1814293115028879,0.1870764442463765,0.19361467947113992,0.17093235715477098,0.183112973639838
classifier_chain_with_lop-num_generations=50,genbase,23.328001499176025,23.216999530792236,23.520999431610107,23.15700125694275,21.34004259109497,0.44699931144714355,0.4510011672973633,0.43599963188171387,0.4389986991882324,0.3819997310638428,0.9774436090225563,0.9172932330827067,0.9621212121212122,0.9696969696969697,0.8863636363636364,0.9678638941398866,0.9735349716446124,0.9679245283018868,0.969811320754717,0.9641509433962264,-0.001670843776106934,-0.006126427179058758,-0.0014029180695847362,-0.0014029180695847362,-0.006172839506172839,-0.0016803192606595252,-0.0011902261429671637,-0.0016771488469601676,-0.0014675052410901468,-0.001816911250873515,0.6055267581132385,0.5196110261244361,0.5740740740740741,0.6543209876543209,0.5681318057563268,0.779055440904628,0.7517397998816598,0.754882415011258,0.7553898803624719,0.6820675953004623
classifier_chain_with_lop-num_generations=50,medical,60.14297103881836,59.70400023460388,60.97599649429321,59.65999698638916,55.60003066062927,1.430997610092163,1.446000099182129,1.4110000133514404,1.4449999332427979,1.2199995517730713,0.5459183673469388,0.4387755102040816,0.47959183673469385,0.5025641025641026,0.5487179487179488,0.618925831202046,0.6086956521739131,0.6265984654731458,0.5938697318007663,0.6155810983397191,-0.014965986394557823,-0.018934240362811793,-0.019501133786848073,-0.018917378917378918,-0.016182336182336183,-0.012730889457232167,-0.012759306621199205,-0.012389883489627735,-0.012828153824322407,-0.012856534695615155,0.1838550200812207,0.16537482326404015,0.17486584570386787,0.21077726532850682,0.19274880438710232,0.280310353275806,0.2613144494720428,0.2462567874271854,0.2738077636269223,0.2698154988123589
partial_classifier_chain_with_lop-num_generations=10,birds,4.714001417160034,4.818998575210571,4.850996971130371,4.764000654220581,4.298997640609741,0.23800039291381836,0.2819991111755371,0.26200199127197266,0.28699779510498047,0.17400002479553223,0.4728682170542636,0.4418604651162791,0.5813953488372093,0.5193798449612403,0.4728682170542636,0.5794573643410853,0.5930232558139535,0.5465116279069767,0.5658914728682171,0.5794573643410853,-0.05671154630762954,-0.05385556915544676,-0.03835169318645451,-0.04324765401876785,-0.049775601795185635,-0.03508771929824561,-0.03661770705834353,-0.03590371277029784,-0.03631170950632395,-0.03437372501019992,0.2596724827846109,0.29726027849597647,0.33492183770821543,0.2768372014152413,0.25436446508427935,0.43958755152428,0.4757273490239619,0.4565147577687462,0.4535862698644298,0.461174052261992
partial_classifier_chain_with_lop-num_generations=10,emotions,0.868971586227417,0.8639967441558838,0.8609962463378906,0.8600008487701416,0.8419978618621826,0.05800294876098633,0.05800127983093262,0.05600118637084961,0.05499863624572754,0.05003023147583008,0.3277310924369748,0.2689075630252101,0.31092436974789917,0.288135593220339,0.3305084745762712,0.46835443037974683,0.4451476793248945,0.4578059071729958,0.4652631578947368,0.4568421052631579,-0.22268907563025211,-0.226890756302521,-0.2338935574229692,-0.2387005649717514,-0.22033898305084745,-0.15752461322081576,-0.15857946554149085,-0.16455696202531644,-0.1607017543859649,-0.1705263157894737,0.5953352190738775,0.5769144345457056,0.6133344547753038,0.6389832078876393,0.6592071521435221,0.7482306199586511,0.7442662316013792,0.7274857442890243,0.7278393883788109,0.717222191215264
partial_classifier_chain_with_lop-num_generations=10,scene,1.3349990844726562,1.3359992504119873,1.2599992752075195,1.3480033874511719,1.254997968673706,0.3900001049041748,0.3849985599517822,0.3480031490325928,0.37999582290649414,0.32503271102905273,0.4730290456431535,0.5705394190871369,0.5114345114345115,0.6465696465696466,0.6133056133056133,0.7636363636363637,0.7537662337662338,0.77466251298027,0.7315680166147456,0.7751817237798546,-0.16977869986168742,-0.1289764868603043,-0.15280665280665282,-0.10256410256410256,-0.11330561330561331,-0.06666666666666667,-0.07134199134199135,-0.06239183108341987,-0.0778816199376947,-0.0612668743509865,0.3811482587372877,0.3695150044687048,0.3854664970178357,0.4245990774994537,0.35688230752653033,0.8016033236364383,0.7983716170886388,0.8066629783976151,0.7867377366019638,0.8097615598996958
partial_classifier_chain_with_lop-num_generations=10,yeast,4.067997455596924,4.148996114730835,4.1509974002838135,4.033998489379883,3.609997510910034,0.8120009899139404,0.7540016174316406,0.7819993495941162,0.7959997653961182,0.6340324878692627,0.24793388429752067,0.22933884297520662,0.23395445134575568,0.2484472049689441,0.21739130434782608,0.33574754267977236,0.3274702534919814,0.34022750775594623,0.34022750775594623,0.34643226473629785,-0.21192443919716647,-0.2001180637544274,-0.20452528837622005,-0.21724341910677314,-0.2105885832593907,-0.1526494715837706,-0.1566772596260439,-0.15124095139607033,-0.1545279952725661,-0.1547126606588861,0.4405158226877611,0.44063064327467977,0.44185295434854055,0.40978669453926386,0.405780751207939,0.5459466866132355,0.5377470123125266,0.5449067554861061,0.540682310934825,0.5360377725665314
partial_classifier_chain_with_lop-num_generations=10,enron,38.90799832344055,38.71599841117859,38.10699939727783,38.2459990978241,34.68099856376648,3.244999885559082,3.167001247406006,3.1929984092712402,3.188997983932495,2.8090009689331055,0.03225806451612903,0.02932551319648094,0.058823529411764705,0.052941176470588235,0.05,0.11168258633357825,0.18368846436443792,0.16886930983847284,0.15859030837004406,0.1696035242290749,-0.05533115697449233,-0.06905328390416643,-0.06320754716981132,-0.06809100998890122,-0.06903440621531631,-0.047273785923225155,-0.04409909472779449,-0.045105699166043275,-0.046615687252375804,-0.04547973291219904,0.047154229254562516,0.06754287045795491,0.06931462329172,0.05718858009408999,0.0731346111076525,0.18066335424791363,0.19104184176862654,0.1963077855716058,0.1737844823781682,0.1856166310888154
partial_classifier_chain_with_lop-num_generations=10,genbase,9.155957460403442,9.217955827713013,9.324958562850952,9.114999771118164,8.283029556274414,0.49199938774108887,0.48200011253356934,0.48299741744995117,0.4739983081817627,0.4139995574951172,0.9774436090225563,0.9172932330827067,0.9621212121212122,0.9621212121212122,0.8787878787878788,0.9697542533081286,0.9735349716446124,0.969811320754717,0.969811320754717,0.9641509433962264,-0.001670843776106934,-0.006126427179058758,-0.0014029180695847362,-0.0016835016835016834,-0.006453423120089787,-0.0014702793530770846,-0.0011902261429671637,-0.0015373864430468203,-0.0014675052410901468,-0.001816911250873515,0.6055267581132385,0.5196110261244361,0.5740740740740741,0.6502057613168725,0.5778998155243366,0.7798005733736908,0.7515447877286434,0.7596931000698371,0.7557622772512836,0.6820675953004623
partial_classifier_chain_with_lop-num_generations=10,medical,24.79900050163269,24.938000440597534,25.180997848510742,24.85300087928772,22.727027416229248,1.4270005226135254,1.431999683380127,1.4580004215240479,1.4329981803894043,1.2430012226104736,0.5204081632653061,0.4336734693877551,0.44387755102040816,0.48717948717948717,0.5128205128205128,0.5933503836317136,0.6023017902813299,0.6023017902813299,0.5849297573435505,0.6079182630906769,-0.014965986394557823,-0.016666666666666666,-0.019501133786848073,-0.017663817663817662,-0.015726495726495728,-0.012531969309462916,-0.012304631997726627,-0.011963626030122194,-0.012572725982687669,-0.012061870299418192,0.17412327125370602,0.1780876594007872,0.19319001756211057,0.20490908285364,0.20702580989961689,0.26532748811742174,0.2578821853915371,0.24398086400301583,0.2496076194029599,0.27868928863760156
partial_classifier_chain_with_lop-num_generations=25,birds,8.098998069763184,8.03799819946289,8.197998523712158,8.089003324508667,7.473997354507446,0.18900012969970703,0.196000337600708,0.19499993324279785,0.19699764251708984,0.17502832412719727,0.4728682170542636,0.4418604651162791,0.5813953488372093,0.5193798449612403,0.46511627906976744,0.5775193798449613,0.5891472868217055,0.5406976744186046,0.563953488372093,0.5794573643410853,-0.05589555283557732,-0.0518155854753162,-0.037535699714402286,-0.042839657282741736,-0.0485516115871073,-0.0353937168502652,-0.03651570787433701,-0.03733170134638923,-0.03631170950632395,-0.03437372501019992,0.2624539203486571,0.28841555761060406,0.34786592492474844,0.27060075110833265,0.28760516090986477,0.4566307218844606,0.4784707737650754,0.45121005922976276,0.4526080402440129,0.4577352255952039
partial_classifier_chain_with_lop-num_generations=25,emotions,1.6549994945526123,1.7159996032714844,1.740997552871704,1.7859992980957031,1.4850294589996338,0.06400012969970703,0.059998512268066406,0.054999351501464844,0.05999946594238281,0.05000042915344238,0.3277310924369748,0.2689075630252101,0.31092436974789917,0.288135593220339,0.3389830508474576,0.4704641350210971,0.4430379746835443,0.4578059071729958,0.4463157894736842,0.4463157894736842,-0.22268907563025211,-0.23809523809523808,-0.2338935574229692,-0.24152542372881355,-0.2189265536723164,-0.15822784810126583,-0.1568213783403657,-0.16455696202531644,-0.163859649122807,-0.1649122807017544,0.5941591434526786,0.5585434583958988,0.6133344547753038,0.633460415874505,0.6597247561932508,0.7466885968525311,0.746925891669684,0.7274857442890243,0.7235256880304256,0.7263859196272708
partial_classifier_chain_with_lop-num_generations=25,scene,1.9909982681274414,2.0729992389678955,2.0469982624053955,2.0159995555877686,1.8170275688171387,0.3839988708496094,0.370999813079834,0.3579998016357422,0.39499950408935547,0.3189997673034668,0.4730290456431535,0.5705394190871369,0.5114345114345115,0.6444906444906445,0.6133056133056133,0.7641558441558441,0.7563636363636363,0.773104880581516,0.7284527518172378,0.7751817237798546,-0.16977869986168742,-0.12793914246196403,-0.1534996534996535,-0.10187110187110188,-0.11330561330561331,-0.0664935064935065,-0.06891774891774892,-0.06256490134994808,-0.0778816199376947,-0.0612668743509865,0.3811482587372877,0.3695150044687048,0.38331132460404255,0.4204749409905353,0.35688230752653033,0.8024743051035205,0.8025019503994013,0.8064105324826564,0.7863973325358294,0.8097615598996958
partial_classifier_chain_with_lop-num_generations=25,yeast,6.079998254776001,6.100999593734741,6.1549973487854,6.040000915527344,5.4160332679748535,0.6949994564056396,0.7119982242584229,0.7010009288787842,0.6969964504241943,0.6349918842315674,0.25,0.2396694214876033,0.2360248447204969,0.2546583850931677,0.20910973084886128,0.3331608898085877,0.3331608898085877,0.3391933815925543,0.34488107549120994,0.3459152016546019,-0.2139905548996458,-0.20926800472255017,-0.20334220644779652,-0.21798284531203785,-0.21591245193729666,-0.15575345502919222,-0.15652945089054762,-0.15257054217757424,-0.15135175062786232,-0.15504505835426208,0.431560151459137,0.4217377935028814,0.433927654838896,0.40327881763316137,0.4029719897418791,0.534305430229171,0.5352880342859667,0.536955186196998,0.54086726122094,0.541464234353579
partial_classifier_chain_with_lop-num_generations=25,enron,59.17599868774414,59.33199763298035,59.7989981174469,58.82799935340881,53.97506809234619,3.249999761581421,3.15700101852417,3.235999584197998,3.2520008087158203,2.719003677368164,0.02932551319648094,0.017595307917888565,0.061764705882352944,0.052941176470588235,0.052941176470588235,0.11168258633357825,0.17119764878765614,0.16005873715124816,0.15418502202643172,0.16740088105726872,-0.055552481602390305,-0.0693299396890389,-0.06265260821309655,-0.0681465038845727,-0.0695338512763596,-0.047273785923225155,-0.043877282242524226,-0.04412212894467071,-0.04578450114980744,-0.04582606045493586,0.04724246224697837,0.06524369539199486,0.06981276028797301,0.0594382152437741,0.07132938168101144,0.1812424472712046,0.18946525063936756,0.19742123390878633,0.174630415317213,0.1832419348538406
partial_classifier_chain_with_lop-num_generations=25,genbase,15.370999574661255,15.288001537322998,15.423001289367676,15.204003810882568,13.906999826431274,0.4810013771057129,0.48399949073791504,0.5039997100830078,0.48799729347229004,0.4160306453704834,0.9774436090225563,0.9172932330827067,0.9621212121212122,0.9621212121212122,0.8939393939393939,0.9697542533081286,0.9735349716446124,0.9679245283018868,0.969811320754717,0.9660377358490566,-0.001670843776106934,-0.006126427179058758,-0.0014029180695847362,-0.0016835016835016834,-0.005611672278338945,-0.001540292655604565,-0.0011902261429671637,-0.0016771488469601676,-0.0014675052410901468,-0.001607267645003494,0.6055267581132385,0.5196110261244361,0.5740740740740741,0.6502057613168725,0.5867181576760121,0.779901695388393,0.7514907239942586,0.7555176983956917,0.7557622772512836,0.6844878644447528
partial_classifier_chain_with_lop-num_generations=25,medical,40.37300086021423,40.804999351501465,41.283000469207764,40.51699924468994,37.200029373168945,1.4269983768463135,1.4569997787475586,1.4089977741241455,1.4340012073516846,1.3330004215240479,0.5,0.42857142857142855,0.4489795918367347,0.5076923076923077,0.5333333333333333,0.5869565217391305,0.5843989769820972,0.6061381074168798,0.5900383141762452,0.6053639846743295,-0.015192743764172336,-0.017913832199546485,-0.019501133786848073,-0.017207977207977208,-0.01527065527065527,-0.012560386473429951,-0.012759306621199205,-0.011679454390451833,-0.012232155527174684,-0.012203774655881936,0.17029297477197083,0.17103492006094168,0.19288749184801668,0.21495739834116506,0.20150571614032325,0.26457764414532015,0.25583309160992057,0.2451456472666484,0.2541599920527004,0.2733273913713165
partial_classifier_chain_with_lop-num_generations=50,birds,13.74799919128418,13.741000652313232,13.950998306274414,13.787000894546509,12.415028810501099,0.19700026512145996,0.19800066947937012,0.19699835777282715,0.1960008144378662,0.17499852180480957,0.4728682170542636,0.43410852713178294,0.5813953488372093,0.5193798449612403,0.46511627906976744,0.5775193798449613,0.5910852713178295,0.5426356589147286,0.562015503875969,0.5833333333333334,-0.056303549571603426,-0.05385556915544676,-0.03998368013055895,-0.042839657282741736,-0.049775601795185635,-0.03559771521827825,-0.03671970624235006,-0.03590371277029784,-0.036413708690330476,-0.03396572827417381,0.263295671190408,0.28093121482459243,0.3293662821526599,0.23897924043509783,0.2711108765675329,0.446198505897188,0.47886833142881835,0.4564938009728074,0.44887109036709477,0.4632576178274504
partial_classifier_chain_with_lop-num_generations=50,emotions,2.962001323699951,3.055001974105835,2.9649977684020996,2.9899978637695312,2.6060283184051514,0.058997392654418945,0.10399770736694336,0.06600117683410645,0.05900120735168457,0.050002098083496094,0.3277310924369748,0.2689075630252101,0.3025210084033613,0.288135593220339,0.3389830508474576,0.4704641350210971,0.4430379746835443,0.45147679324894513,0.4631578947368421,0.4463157894736842,-0.22268907563025211,-0.23809523809523808,-0.23109243697478993,-0.2387005649717514,-0.2189265536723164,-0.15822784810126583,-0.1568213783403657,-0.16561181434599156,-0.16210526315789472,-0.1649122807017544,0.5941591434526786,0.5585434583958988,0.622831517255228,0.6389832078876393,0.6597247561932508,0.7466885968525311,0.746925891669684,0.7287188332542379,0.7261065743227978,0.7263859196272708
partial_classifier_chain_with_lop-num_generations=50,scene,3.493997573852539,3.5279948711395264,3.2609989643096924,3.3209969997406006,2.951000213623047,0.4719994068145752,0.4550039768218994,0.4219970703125,0.4719994068145752,0.3170323371887207,0.4730290456431535,0.5705394190871369,0.5114345114345115,0.6444906444906445,0.6133056133056133,0.7636363636363637,0.7537662337662338,0.773104880581516,0.7284527518172378,0.7751817237798546,-0.16977869986168742,-0.1289764868603043,-0.1534996534996535,-0.10187110187110188,-0.11330561330561331,-0.06666666666666667,-0.07134199134199135,-0.06256490134994808,-0.0778816199376947,-0.0612668743509865,0.3811482587372877,0.3695150044687048,0.38331132460404255,0.4204749409905353,0.35688230752653033,0.8016033236364383,0.7983716170886388,0.8064105324826564,0.7863973325358294,0.8097615598996958
partial_classifier_chain_with_lop-num_generations=50,yeast,9.685997724533081,9.744999408721924,9.82699966430664,9.607000350952148,8.748028993606567,0.8170018196105957,0.8029992580413818,0.7290003299713135,0.8339974880218506,0.6339664459228516,0.25413223140495866,0.2334710743801653,0.2318840579710145,0.2505175983436853,0.21325051759834368,0.33109156751163993,0.33574754267977236,0.3329886246122027,0.3391933815925543,0.3453981385729059,-0.20926800472255017,-0.20410271546635184,-0.2023070097604259,-0.2209405501330967,-0.21103223898254955,-0.15586431158081443,-0.15431231985810362,-0.1545649283498301,-0.1518688137095583,-0.15419559757719012,0.4317164077825382,0.4284209975597838,0.432000042088128,0.4055961807967527,0.40614851321203643,0.5348491830193502,0.5376967562275261,0.5360423732291321,0.5406569581225086,0.540973925053114
partial_classifier_chain_with_lop-num_generations=50,enron,94.36400103569031,95.84700107574463,93.82100129127502,94.52499890327454,86.37799906730652,3.20499849319458,3.1529946327209473,3.184999465942383,3.187999963760376,2.7520294189453125,0.011730205278592375,0.020527859237536656,0.06470588235294118,0.058823529411764705,0.041176470588235294,0.10580455547391623,0.17266715650257164,0.1512481644640235,0.1593245227606461,0.16005873715124816,-0.055275825817517846,-0.06949593315996237,-0.06220865704772475,-0.06820199778024418,-0.0672031076581576,-0.04786990697738899,-0.04412682128845327,-0.04521652397971906,-0.04639403762502424,-0.045507439115617984,0.045828634953281384,0.0649337667174278,0.07212654868589842,0.05693617370198089,0.07638805974439603,0.1769190514620588,0.18822137573864972,0.1951328071923589,0.17471860053594576,0.18532418159108016
partial_classifier_chain_with_lop-num_generations=50,genbase,25.49199938774109,25.34000301361084,25.704002141952515,24.93200397491455,23.107028484344482,0.48600006103515625,0.4969973564147949,0.4790003299713135,0.4779963493347168,0.4160006046295166,0.9774436090225563,0.9172932330827067,0.9621212121212122,0.9621212121212122,0.8787878787878788,0.9678638941398866,0.9735349716446124,0.9679245283018868,0.9660377358490566,0.9641509433962264,-0.001670843776106934,-0.006126427179058758,-0.0014029180695847362,-0.0016835016835016834,-0.006453423120089787,-0.001610305958132045,-0.0011902261429671637,-0.0016771488469601676,-0.0015373864430468203,-0.001816911250873515,0.6055267581132385,0.5196110261244361,0.5740740740740741,0.6502057613168725,0.5771061647306858,0.7794974620513531,0.7514907239942586,0.7592132620912553,0.7530556412405539,0.6822944360236234
partial_classifier_chain_with_lop-num_generations=50,medical,65.38498258590698,66.84799981117249,66.94799852371216,65.62999701499939,61.10903334617615,1.4359965324401855,1.4709985256195068,1.4479999542236328,1.4740018844604492,1.2289936542510986,0.5153061224489796,0.44387755102040816,0.4387755102040816,0.5230769230769231,0.5282051282051282,0.5882352941176471,0.5907928388746803,0.6035805626598465,0.5874840357598978,0.6040868454661558,-0.01507936507936508,-0.016213151927437643,-0.019954648526077097,-0.016638176638176638,-0.015612535612535613,-0.012475134981528843,-0.0123614663256607,-0.012048877522023303,-0.012487583368809422,-0.012175393784589187,0.17505509650877113,0.18214710628216213,0.19049621895514954,0.2140344629818314,0.19925872708992912,0.2667924722308021,0.25751073921482964,0.24361365187497322,0.26130207924822013,0.2726553386810218
